-- phpMyAdmin SQL Dump
-- version 4.1.12
-- http://www.phpmyadmin.net
--
-- Host: 127.0.0.1
-- Generation Time: Oct 27, 2015 at 02:55 AM
-- Server version: 5.6.16
-- PHP Version: 5.5.11

SET SQL_MODE = "NO_AUTO_VALUE_ON_ZERO";
SET time_zone = "+00:00";


/*!40101 SET @OLD_CHARACTER_SET_CLIENT=@@CHARACTER_SET_CLIENT */;
/*!40101 SET @OLD_CHARACTER_SET_RESULTS=@@CHARACTER_SET_RESULTS */;
/*!40101 SET @OLD_COLLATION_CONNECTION=@@COLLATION_CONNECTION */;
/*!40101 SET NAMES utf8 */;

--
-- Database: `elearningcbt`
--

-- --------------------------------------------------------

--
-- Table structure for table `actions`
--

DROP TABLE IF EXISTS `actions`;
CREATE TABLE IF NOT EXISTS `actions` (
  `id` bigint(20) NOT NULL AUTO_INCREMENT,
  `modul` varchar(20) NOT NULL DEFAULT '',
  `posisi` int(1) NOT NULL DEFAULT '0',
  `order` int(3) NOT NULL DEFAULT '0',
  `modul_id` int(4) NOT NULL DEFAULT '0',
  PRIMARY KEY (`id`),
  KEY `modul_id` (`modul_id`)
) ENGINE=MyISAM  DEFAULT CHARSET=latin1 AUTO_INCREMENT=37 ;

--
-- Dumping data for table `actions`
--

INSERT INTO `actions` (`id`, `modul`, `posisi`, `order`, `modul_id`) VALUES
(35, 'news', 1, 0, 32),
(36, 'news', 1, 1, 1);

-- --------------------------------------------------------

--
-- Table structure for table `admin`
--

DROP TABLE IF EXISTS `admin`;
CREATE TABLE IF NOT EXISTS `admin` (
  `id` int(11) NOT NULL AUTO_INCREMENT,
  `menu` varchar(30) NOT NULL DEFAULT '',
  `url` varchar(60) NOT NULL DEFAULT '',
  `mod` int(1) NOT NULL DEFAULT '0',
  `ordering` int(2) NOT NULL,
  `parent` int(2) NOT NULL DEFAULT '0',
  `icon` varchar(200) NOT NULL DEFAULT '',
  PRIMARY KEY (`id`)
) ENGINE=MyISAM  DEFAULT CHARSET=latin1 AUTO_INCREMENT=105 ;

--
-- Dumping data for table `admin`
--

INSERT INTO `admin` (`id`, `menu`, `url`, `mod`, `ordering`, `parent`, `icon`) VALUES
(5, 'Master', '#', 0, 6, 0, 'plugins.png'),
(8, 'Menus', 'menu', 1, 1, 4, ''),
(14, 'Admin User', 'user', 1, 1, 2, ''),
(96, 'Kursus', '#', 0, 7, 0, 'posts.png'),
(2, 'Settings', '#', 0, 2, 0, 'settings.png'),
(10, 'Ganti Password', 'gantipassword', 1, 1, 2, ''),
(77, 'Kelas', 'kelas', 1, 1, 5, ''),
(79, 'Siswa', 'importsiswa', 1, 2, 5, ''),
(84, 'Mata Pelajaran', 'mapel', 1, 3, 5, ''),
(101, 'Setting E-Learning', 'settingwebsite', 1, 2, 2, ''),
(100, 'Latihan Ujian', 'ujian', 1, 4, 96, ''),
(99, 'Pengumuman Sekolah', 'pengumuman', 1, 3, 96, ''),
(98, 'Materi', 'materi', 1, 2, 96, ''),
(97, 'Buat Kursus', 'kursus', 1, 1, 96, ''),
(103, 'File Manager', 'filemanager', 1, 4, 5, ''),
(104, 'Pertemuan', 'pertemuan', 1, 6, 96, '');

-- --------------------------------------------------------

--
-- Table structure for table `infoguru`
--

DROP TABLE IF EXISTS `infoguru`;
CREATE TABLE IF NOT EXISTS `infoguru` (
  `id` int(4) NOT NULL AUTO_INCREMENT,
  `guru` varchar(255) NOT NULL,
  `statusemail` enum('tampilkan','sembunyikan') NOT NULL,
  `statustelp` enum('tampilkan','sembunyikan') NOT NULL,
  `email` varchar(255) NOT NULL,
  `telp` varchar(255) NOT NULL,
  PRIMARY KEY (`id`)
) ENGINE=InnoDB DEFAULT CHARSET=latin1 AUTO_INCREMENT=1 ;

-- --------------------------------------------------------

--
-- Table structure for table `intrusions`
--

DROP TABLE IF EXISTS `intrusions`;
CREATE TABLE IF NOT EXISTS `intrusions` (
  `id` int(11) unsigned NOT NULL AUTO_INCREMENT,
  `name` varchar(128) NOT NULL DEFAULT '',
  `value` text NOT NULL,
  `page` varchar(255) NOT NULL DEFAULT '',
  `ip` varchar(15) NOT NULL DEFAULT '',
  `impact` int(11) unsigned NOT NULL DEFAULT '0',
  `created` datetime NOT NULL DEFAULT '0000-00-00 00:00:00',
  PRIMARY KEY (`id`)
) ENGINE=MyISAM  DEFAULT CHARSET=latin1 AUTO_INCREMENT=5 ;

--
-- Dumping data for table `intrusions`
--

INSERT INTO `intrusions` (`id`, `name`, `value`, `page`, `ip`, `impact`, `created`) VALUES
(1, 'judul', 'ibrahimovic-hamil-delapan-bulan-3-6-2', '/auracms2.3/article-9-ibrahimovic-hamil-delapan-bulan-3-6-2.html', 'local/unknown', 7, '2010-08-28 04:00:00'),
(2, '_SERVER.DOCUMENT_ROOT', 'http://94.199.51.7/readme.txt?', '/?_SERVER[DOCUMENT_ROOT]=http://94.199.51.7/readme.txt?', '94.199.51.7', 5, '2013-04-17 00:41:17'),
(3, '_ult', 'sec=web&slk=web&pos=3&linkstr=http%3A%2F%2Fppikom.com%2Farticle-cara-mengkrimping-kabel-rj45-dan-urutan-warna-kabel-straight-amp-cross.html', '/article-cara-mengkrimping-kabel-rj45-dan-urutan-warna-kabel-straight-amp-cross.html?_ult=sec%3Dweb%26slk%3Dweb%26pos%3D3%26linkstr%3Dhttp%253A%252F%252Fppikom.com%252Farticle-cara-mengkrimping-kabel-rj45-dan-urutan-warna-kabel-straight-amp-cross.html', '50.57.206.196', 15, '2013-06-20 15:11:19'),
(4, '_SERVER.DOCUMENT_ROOT', 'data://text/plain;base64,U0hFTExfTU9KTk9fUFJPQk9WQVRK?', '/?_SERVER[DOCUMENT_ROOT]=data://text/plain;base64,U0hFTExfTU9KTk9fUFJPQk9WQVRK?', '79.135.239.234', 10, '2013-09-09 06:15:10');

-- --------------------------------------------------------

--
-- Table structure for table `kelas`
--

DROP TABLE IF EXISTS `kelas`;
CREATE TABLE IF NOT EXISTS `kelas` (
  `id` int(2) NOT NULL AUTO_INCREMENT,
  `kelas` varchar(255) NOT NULL,
  PRIMARY KEY (`id`)
) ENGINE=InnoDB  DEFAULT CHARSET=latin1 AUTO_INCREMENT=48 ;

--
-- Dumping data for table `kelas`
--

INSERT INTO `kelas` (`id`, `kelas`) VALUES
(16, 'XI-IPA1'),
(17, 'XI-IPA2'),
(18, 'XI-IPA3'),
(19, 'XI-IPA4'),
(20, 'XI-IPA5'),
(21, 'XI-IPS1'),
(22, 'XI-IPS2'),
(23, 'XI-IPS3'),
(24, 'XI-IPS4'),
(25, 'XII-IPA1'),
(26, 'XII-IPA2'),
(27, 'XII-IPA3'),
(28, 'XII-IPA4'),
(29, 'XII-IPA5'),
(30, 'XII-IPA6'),
(31, 'XII-IPS1'),
(32, 'XII-IPS2'),
(33, 'XII-IPS3'),
(34, 'XII-IPS4'),
(35, 'XII-SC'),
(36, 'X-A'),
(37, 'X-B'),
(38, 'X-C'),
(39, 'X-D'),
(40, 'X-E'),
(41, 'X-F'),
(42, 'X-G'),
(43, 'X-H'),
(44, 'X-I'),
(45, 'X-J'),
(46, 'X-SC'),
(47, 'XI-SC');

-- --------------------------------------------------------

--
-- Table structure for table `kelas_isi`
--

DROP TABLE IF EXISTS `kelas_isi`;
CREATE TABLE IF NOT EXISTS `kelas_isi` (
  `id` int(2) NOT NULL AUTO_INCREMENT,
  `kelas` varchar(255) NOT NULL,
  `siswa` varchar(255) NOT NULL,
  PRIMARY KEY (`id`),
  UNIQUE KEY `siswa` (`siswa`)
) ENGINE=InnoDB  DEFAULT CHARSET=latin1 AUTO_INCREMENT=1065 ;

--
-- Dumping data for table `kelas_isi`
--

INSERT INTO `kelas_isi` (`id`, `kelas`, `siswa`) VALUES
(1, '25', 'siswa12'),
(4, '36', 'kelas10'),
(5, '16', 'kelas11'),
(6, '36', '17270'),
(7, '36', '17276'),
(8, '36', '17283'),
(9, '36', '17292'),
(10, '36', '17294'),
(11, '36', '17296'),
(12, '36', '17341'),
(13, '36', '17356'),
(14, '36', '17363'),
(15, '36', '17369'),
(16, '36', '17373'),
(17, '36', '17379'),
(18, '36', '17383'),
(19, '36', '17386'),
(20, '36', '17419'),
(21, '36', '17437'),
(22, '36', '17442'),
(23, '36', '17462'),
(24, '36', '17467'),
(25, '36', '17469'),
(26, '36', '17519'),
(27, '36', '17534'),
(28, '36', '17538'),
(29, '36', '17542'),
(30, '36', '17559'),
(31, '36', '17565'),
(32, '36', '17566'),
(33, '36', '17583'),
(34, '36', '17585'),
(35, '36', '17588'),
(36, '36', '17618'),
(37, '36', '17628'),
(70, '37', '17284'),
(71, '37', '17289'),
(72, '37', '17291'),
(73, '37', '17293'),
(74, '37', '17301'),
(75, '37', '17314'),
(76, '37', '17335'),
(77, '37', '17337'),
(78, '37', '17344'),
(79, '37', '17372'),
(80, '37', '17388'),
(81, '37', '17396'),
(82, '37', '17408'),
(83, '37', '17409'),
(84, '37', '17423'),
(85, '37', '17430'),
(86, '37', '17454'),
(87, '37', '17475'),
(88, '37', '17477'),
(89, '37', '17497'),
(90, '37', '17504'),
(91, '37', '17521'),
(92, '37', '17570'),
(93, '37', '17587'),
(94, '37', '17603'),
(95, '37', '17604'),
(96, '37', '17606'),
(97, '37', '17610'),
(98, '37', '17638'),
(99, '38', '17257'),
(100, '38', '17262'),
(101, '38', '17264'),
(102, '38', '17273'),
(103, '38', '17281'),
(104, '38', '17285'),
(105, '38', '17297'),
(106, '38', '17325'),
(107, '38', '17342'),
(108, '38', '17349'),
(109, '38', '17374'),
(110, '38', '17399'),
(111, '38', '17406'),
(112, '38', '17439'),
(113, '38', '17441'),
(114, '38', '17460'),
(115, '38', '17461'),
(116, '38', '17464'),
(117, '38', '17480'),
(118, '38', '17483'),
(119, '38', '17496'),
(120, '38', '17503'),
(121, '38', '17520'),
(122, '38', '17522'),
(123, '38', '17545'),
(124, '38', '17548'),
(125, '38', '17555'),
(126, '38', '17582'),
(127, '38', '17590'),
(128, '38', '17592'),
(129, '38', '17599'),
(130, '38', '17600'),
(131, '38', '17611'),
(132, '38', '17624'),
(133, '39', '17260'),
(134, '39', '17277'),
(135, '39', '17308'),
(136, '39', '17331'),
(137, '39', '17355'),
(138, '39', '17358'),
(139, '39', '17361'),
(140, '39', '17370'),
(141, '39', '17375'),
(142, '39', '17377'),
(143, '39', '17384'),
(144, '39', '17390'),
(145, '39', '17398'),
(146, '39', '17418'),
(147, '39', '17422'),
(148, '39', '17429'),
(149, '39', '17452'),
(150, '39', '17479'),
(151, '39', '17537'),
(152, '39', '17546'),
(153, '39', '17551'),
(154, '39', '17552'),
(155, '39', '17572'),
(156, '39', '17576'),
(157, '39', '17595'),
(158, '39', '17605'),
(159, '39', '17609'),
(160, '39', '17620'),
(161, '39', '17626'),
(162, '39', '17633'),
(163, '39', '17637'),
(167, '40', '17269'),
(168, '40', '17304'),
(169, '40', '17307'),
(170, '40', '17311'),
(171, '40', '17322'),
(172, '40', '17324'),
(173, '40', '17329'),
(174, '40', '17351'),
(175, '40', '17353'),
(176, '40', '17354'),
(177, '40', '17362'),
(178, '40', '17416'),
(179, '40', '17428'),
(180, '40', '17431'),
(181, '40', '17433'),
(182, '40', '17448'),
(183, '40', '17456'),
(184, '40', '17463'),
(185, '40', '17468'),
(186, '40', '17471'),
(187, '40', '17478'),
(188, '40', '17481'),
(189, '40', '17484'),
(190, '40', '17486'),
(191, '40', '17487'),
(192, '40', '17508'),
(193, '40', '17510'),
(194, '40', '17529'),
(195, '40', '17541'),
(196, '40', '17556'),
(197, '40', '17564'),
(198, '40', '17573'),
(199, '40', '17589'),
(200, '40', '17597'),
(201, '40', '17608'),
(202, '40', '17613'),
(203, '40', '17629'),
(204, '40', '17635'),
(205, '40', '17636'),
(206, '41', '17254'),
(207, '41', '17279'),
(208, '41', '17305'),
(209, '41', '17310'),
(210, '41', '17316'),
(211, '41', '17323'),
(212, '41', '17328'),
(213, '41', '17333'),
(214, '41', '17334'),
(215, '41', '17338'),
(216, '41', '17347'),
(217, '41', '17348'),
(218, '41', '17359'),
(219, '41', '17366'),
(220, '41', '17371'),
(221, '41', '17376'),
(222, '41', '17380'),
(223, '41', '17391'),
(224, '41', '17412'),
(225, '41', '17421'),
(226, '41', '17424'),
(227, '41', '17435'),
(228, '41', '17453'),
(229, '41', '17466'),
(230, '41', '17474'),
(231, '41', '17476'),
(232, '41', '17488'),
(233, '41', '17491'),
(234, '41', '17513'),
(235, '41', '17516'),
(236, '41', '17543'),
(237, '41', '17544'),
(238, '41', '17547'),
(239, '41', '17568'),
(240, '41', '17584'),
(241, '41', '17586'),
(242, '41', '17591'),
(243, '41', '17594'),
(244, '41', '17602'),
(245, '41', '17617'),
(246, '41', '17627'),
(247, '41', '17640'),
(248, '42', '17268'),
(249, '42', '17274'),
(250, '42', '17278'),
(251, '42', '17306'),
(252, '42', '17309'),
(253, '42', '17312'),
(254, '42', '17321'),
(255, '42', '17336'),
(256, '42', '17343'),
(257, '42', '17346'),
(258, '42', '17352'),
(259, '42', '17367'),
(260, '42', '17368'),
(261, '42', '17392'),
(262, '42', '17397'),
(263, '42', '17402'),
(264, '42', '17405'),
(265, '42', '17443'),
(266, '42', '17444'),
(267, '42', '17457'),
(268, '42', '17459'),
(269, '42', '17470'),
(270, '42', '17473'),
(271, '42', '17489'),
(272, '42', '17492'),
(273, '42', '17506'),
(274, '42', '17507'),
(275, '42', '17511'),
(276, '42', '17512'),
(277, '42', '17525'),
(278, '42', '17526'),
(279, '42', '17531'),
(280, '42', '17533'),
(281, '42', '17536'),
(282, '42', '17550'),
(283, '42', '17575'),
(284, '42', '17578'),
(285, '42', '17615'),
(286, '42', '17622'),
(287, '42', '17630'),
(288, '43', '17256'),
(289, '43', '17258'),
(290, '43', '17265'),
(291, '43', '17282'),
(292, '43', '17287'),
(293, '43', '17288'),
(294, '43', '17295'),
(295, '43', '17298'),
(296, '43', '17303'),
(297, '43', '17315'),
(298, '43', '17319'),
(299, '43', '17326'),
(300, '43', '17345'),
(301, '43', '17350'),
(302, '43', '17364'),
(303, '43', '17381'),
(304, '43', '17394'),
(305, '43', '17400'),
(306, '43', '17407'),
(307, '43', '17410'),
(308, '43', '17426'),
(309, '43', '17447'),
(310, '43', '17458'),
(311, '43', '17465'),
(312, '43', '17493'),
(313, '43', '17495'),
(314, '43', '17498'),
(315, '43', '17515'),
(316, '43', '17518'),
(317, '43', '17523'),
(318, '43', '17527'),
(319, '43', '17532'),
(320, '43', '17535'),
(321, '43', '17561'),
(322, '43', '17563'),
(323, '43', '17569'),
(324, '43', '17596'),
(325, '43', '17607'),
(326, '43', '17614'),
(327, '43', '17619'),
(328, '43', '17623'),
(329, '44', '17261'),
(330, '44', '17275'),
(331, '44', '17280'),
(332, '44', '17300'),
(333, '44', '17302'),
(334, '44', '17320'),
(335, '44', '17327'),
(336, '44', '17330'),
(337, '44', '17360'),
(338, '44', '17365'),
(339, '44', '17389'),
(340, '44', '17395'),
(341, '44', '17403'),
(342, '44', '17415'),
(343, '44', '17417'),
(344, '44', '17432'),
(345, '44', '17445'),
(346, '44', '17455'),
(347, '44', '17472'),
(348, '44', '17494'),
(349, '44', '17499'),
(350, '44', '17500'),
(351, '44', '17502'),
(352, '44', '17514'),
(353, '44', '17554'),
(354, '44', '17557'),
(355, '44', '17558'),
(356, '44', '17577'),
(357, '44', '17579'),
(358, '44', '17580'),
(359, '44', '17581'),
(360, '44', '17598'),
(361, '44', '17601'),
(362, '44', '17621'),
(363, '44', '17625'),
(364, '44', '17632'),
(365, '44', '17634'),
(366, '44', '17639'),
(367, '45', '17259'),
(368, '45', '17263'),
(369, '45', '17266'),
(370, '45', '17271'),
(371, '45', '17299'),
(372, '45', '17313'),
(373, '45', '17317'),
(374, '45', '17339'),
(375, '45', '17340'),
(376, '45', '17357'),
(377, '45', '17378'),
(378, '45', '17382'),
(379, '45', '17387'),
(380, '45', '17401'),
(381, '45', '17404'),
(382, '45', '17413'),
(383, '45', '17414'),
(384, '45', '17427'),
(385, '45', '17438'),
(386, '45', '17440'),
(387, '45', '17446'),
(388, '45', '17451'),
(389, '45', '17482'),
(390, '45', '17485'),
(391, '45', '17490'),
(392, '45', '17501'),
(393, '45', '17505'),
(394, '45', '17524'),
(395, '45', '17528'),
(396, '45', '17540'),
(397, '45', '17549'),
(398, '45', '17553'),
(399, '45', '17560'),
(400, '45', '17567'),
(401, '45', '17571'),
(402, '45', '17612'),
(403, '45', '17616'),
(404, '45', '17631'),
(405, '45', '17641'),
(406, '16', '16934'),
(407, '16', '16939'),
(408, '16', '16942'),
(409, '16', '16949'),
(410, '16', '16958'),
(411, '16', '16960'),
(412, '16', '16961'),
(413, '16', '16966'),
(414, '16', '16979'),
(415, '16', '16988'),
(416, '16', '16991'),
(417, '16', '16995'),
(418, '16', '17014'),
(419, '16', '17029'),
(420, '16', '17041'),
(421, '16', '17046'),
(422, '16', '17050'),
(423, '16', '17056'),
(424, '16', '17059'),
(425, '16', '17062'),
(426, '16', '17069'),
(427, '16', '17096'),
(428, '16', '17098'),
(429, '16', '17112'),
(430, '16', '17125'),
(431, '16', '17126'),
(432, '16', '17127'),
(433, '16', '17142'),
(434, '16', '17152'),
(435, '16', '17171'),
(436, '16', '17174'),
(437, '16', '17190'),
(438, '16', '17196'),
(439, '16', '17204'),
(440, '16', '17209'),
(441, '16', '17221'),
(442, '16', '17231'),
(443, '16', '17236'),
(444, '16', '17239'),
(445, '17', '16965'),
(446, '17', '16989'),
(447, '17', '16992'),
(448, '17', '16993'),
(449, '17', '17000'),
(450, '17', '17003'),
(451, '17', '17017'),
(452, '17', '17032'),
(453, '17', '17035'),
(454, '17', '17037'),
(455, '17', '17049'),
(456, '17', '17060'),
(457, '17', '17065'),
(458, '17', '17075'),
(459, '17', '17076'),
(460, '17', '17082'),
(461, '17', '17104'),
(462, '17', '17114'),
(463, '17', '17119'),
(464, '17', '17129'),
(465, '17', '17134'),
(466, '17', '17136'),
(467, '17', '17141'),
(468, '17', '17144'),
(469, '17', '17145'),
(470, '17', '17175'),
(471, '17', '17180'),
(472, '17', '17185'),
(473, '17', '17195'),
(474, '17', '17203'),
(475, '17', '17206'),
(476, '17', '17213'),
(477, '17', '17214'),
(478, '17', '17215'),
(479, '17', '17223'),
(480, '17', '17237'),
(481, '17', '17241'),
(482, '17', '17244'),
(483, '17', '17252'),
(484, '18', '16931'),
(485, '18', '16938'),
(486, '18', '16943'),
(487, '18', '16971'),
(488, '18', '16974'),
(489, '18', '16975'),
(490, '18', '16986'),
(491, '18', '16994'),
(492, '18', '17004'),
(493, '18', '17010'),
(494, '18', '17012'),
(495, '18', '17021'),
(496, '18', '17030'),
(497, '18', '17031'),
(498, '18', '17039'),
(499, '18', '17048'),
(500, '18', '17058'),
(501, '18', '17072'),
(502, '18', '17078'),
(503, '18', '17084'),
(504, '18', '17085'),
(505, '18', '17100'),
(506, '18', '17108'),
(507, '18', '17121'),
(508, '18', '17128'),
(509, '18', '17131'),
(510, '18', '17140'),
(511, '18', '17151'),
(512, '18', '17155'),
(513, '18', '17158'),
(514, '18', '17179'),
(515, '18', '17188'),
(516, '18', '17191'),
(517, '18', '17212'),
(518, '18', '17216'),
(519, '18', '17224'),
(520, '18', '17230'),
(521, '18', '17240'),
(522, '18', '17251'),
(523, '19', '16933'),
(524, '19', '16937'),
(525, '19', '16951'),
(526, '19', '16959'),
(527, '19', '16968'),
(528, '19', '16973'),
(529, '19', '16978'),
(530, '19', '16982'),
(531, '19', '16998'),
(532, '19', '17007'),
(533, '19', '17016'),
(534, '19', '17020'),
(535, '19', '17024'),
(536, '19', '17036'),
(537, '19', '17040'),
(538, '19', '17042'),
(539, '19', '17052'),
(540, '19', '17061'),
(541, '19', '17066'),
(542, '19', '17074'),
(543, '19', '17094'),
(544, '19', '17101'),
(545, '19', '17103'),
(546, '19', '17105'),
(547, '19', '17117'),
(548, '19', '17123'),
(549, '19', '17130'),
(550, '19', '17138'),
(551, '19', '17153'),
(552, '19', '17157'),
(553, '19', '17160'),
(554, '19', '17176'),
(555, '19', '17197'),
(556, '19', '17198'),
(557, '19', '17218'),
(558, '19', '17219'),
(559, '19', '17226'),
(560, '19', '17242'),
(561, '19', '17243'),
(562, '20', '16936'),
(563, '20', '16945'),
(564, '20', '16946'),
(565, '20', '16952'),
(566, '20', '16963'),
(567, '20', '16976'),
(568, '20', '16980'),
(569, '20', '16984'),
(570, '20', '17006'),
(571, '20', '17015'),
(572, '20', '17025'),
(573, '20', '17027'),
(574, '20', '17028'),
(575, '20', '17044'),
(576, '20', '17045'),
(577, '20', '17053'),
(578, '20', '17054'),
(579, '20', '17057'),
(580, '20', '17068'),
(581, '20', '17089'),
(582, '20', '17099'),
(583, '20', '17111'),
(584, '20', '17115'),
(585, '20', '17122'),
(586, '20', '17133'),
(587, '20', '17137'),
(588, '20', '17147'),
(589, '20', '17159'),
(590, '20', '17165'),
(591, '20', '17169'),
(592, '20', '17186'),
(593, '20', '17200'),
(594, '20', '17207'),
(595, '20', '17220'),
(596, '20', '17227'),
(597, '20', '17232'),
(598, '20', '17235'),
(599, '20', '17246'),
(600, '20', '17253'),
(601, '21', '16932'),
(602, '21', '16953'),
(603, '21', '16977'),
(604, '21', '16990'),
(605, '21', '17002'),
(606, '21', '17005'),
(607, '21', '17013'),
(608, '21', '17019'),
(609, '21', '17055'),
(610, '21', '17067'),
(611, '21', '17073'),
(612, '21', '17090'),
(613, '21', '17092'),
(614, '21', '17097'),
(615, '21', '17102'),
(616, '21', '17106'),
(617, '21', '17110'),
(618, '21', '17139'),
(619, '21', '17150'),
(620, '21', '17162'),
(621, '21', '17168'),
(622, '21', '17181'),
(623, '21', '17187'),
(624, '21', '17202'),
(625, '21', '17211'),
(626, '21', '17222'),
(627, '21', '17228'),
(628, '22', '16941'),
(629, '22', '16948'),
(630, '22', '16954'),
(631, '22', '16955'),
(632, '22', '16957'),
(633, '22', '16987'),
(634, '22', '17011'),
(635, '22', '17026'),
(636, '22', '17047'),
(637, '22', '17071'),
(638, '22', '17083'),
(639, '22', '17086'),
(640, '22', '17109'),
(641, '22', '17113'),
(642, '22', '17132'),
(643, '22', '17149'),
(644, '22', '17163'),
(645, '22', '17166'),
(646, '22', '17170'),
(647, '22', '17172'),
(648, '22', '17183'),
(649, '22', '17199'),
(650, '22', '17201'),
(651, '22', '17205'),
(652, '22', '17208'),
(653, '22', '17238'),
(654, '22', '17245'),
(655, '23', '16935'),
(656, '23', '16940'),
(657, '23', '16956'),
(658, '23', '16964'),
(659, '23', '16972'),
(660, '23', '16983'),
(661, '23', '16996'),
(662, '23', '16997'),
(663, '23', '17001'),
(664, '23', '17022'),
(665, '23', '17023'),
(666, '23', '17034'),
(667, '23', '17087'),
(668, '23', '17118'),
(669, '23', '17120'),
(670, '23', '17146'),
(671, '23', '17148'),
(672, '23', '17161'),
(673, '23', '17173'),
(674, '23', '17177'),
(675, '23', '17182'),
(676, '23', '17193'),
(677, '23', '17194'),
(678, '23', '17217'),
(679, '23', '17233'),
(680, '23', '17234'),
(681, '23', '17250'),
(682, '24', '16962'),
(683, '24', '16969'),
(684, '24', '16981'),
(685, '24', '16985'),
(686, '24', '16999'),
(687, '24', '17008'),
(688, '24', '17009'),
(689, '24', '17018'),
(690, '24', '17033'),
(691, '24', '17038'),
(692, '24', '17051'),
(693, '24', '17079'),
(694, '24', '17080'),
(695, '24', '17088'),
(696, '24', '17091'),
(697, '24', '17093'),
(698, '24', '17107'),
(699, '24', '17124'),
(700, '24', '17135'),
(701, '24', '17156'),
(702, '24', '17167'),
(703, '24', '17184'),
(704, '24', '17225'),
(705, '24', '17229'),
(706, '24', '17248'),
(707, '24', '17249'),
(708, '47', '16944'),
(709, '47', '16947'),
(710, '47', '16950'),
(711, '47', '16967'),
(712, '47', '16970'),
(713, '47', '17043'),
(714, '47', '17063'),
(715, '47', '17064'),
(716, '47', '17070'),
(717, '47', '17077'),
(718, '47', '17095'),
(719, '47', '17116'),
(720, '47', '17143'),
(721, '47', '17154'),
(722, '47', '17164'),
(723, '47', '17178'),
(724, '47', '17189'),
(725, '47', '17192'),
(726, '47', '17210'),
(727, '47', '17247'),
(728, '46', '17255'),
(729, '46', '17267'),
(730, '46', '17272'),
(731, '46', '17286'),
(732, '46', '17290'),
(733, '46', '17318'),
(734, '46', '17332'),
(735, '46', '17385'),
(736, '46', '17393'),
(737, '46', '17411'),
(738, '46', '17420'),
(739, '46', '17425'),
(740, '46', '17434'),
(741, '46', '17436'),
(742, '46', '17449'),
(743, '46', '17450'),
(744, '46', '17509'),
(745, '46', '17517'),
(746, '46', '17530'),
(747, '46', '17539'),
(748, '46', '17562'),
(749, '46', '17574'),
(750, '46', '17593'),
(751, '46', '17642'),
(752, '25', '16613'),
(753, '25', '16622'),
(754, '25', '16624'),
(755, '25', '16639'),
(756, '25', '16645'),
(757, '25', '16662'),
(758, '25', '16672'),
(759, '25', '16680'),
(760, '25', '16685'),
(761, '25', '16690'),
(762, '25', '16704'),
(763, '25', '16713'),
(764, '25', '16717'),
(765, '25', '16725'),
(766, '25', '16744'),
(767, '25', '16745'),
(768, '25', '16753'),
(769, '25', '16757'),
(770, '25', '16758'),
(771, '25', '16764'),
(772, '25', '16772'),
(773, '25', '16790'),
(774, '25', '16798'),
(775, '25', '16826'),
(776, '25', '16828'),
(777, '25', '16852'),
(778, '25', '16855'),
(779, '25', '16861'),
(780, '25', '16863'),
(781, '25', '16879'),
(782, '25', '16907'),
(783, '25', '16923'),
(784, '25', '16924'),
(785, '25', '16928'),
(786, '26', '16628'),
(787, '26', '16634'),
(788, '26', '16640'),
(789, '26', '16646'),
(790, '26', '16653'),
(791, '26', '16663'),
(792, '26', '16674'),
(793, '26', '16682'),
(794, '26', '16684'),
(795, '26', '16688'),
(796, '26', '16698'),
(797, '26', '16706'),
(798, '26', '16711'),
(799, '26', '16716'),
(800, '26', '16719'),
(801, '26', '16722'),
(802, '26', '16727'),
(803, '26', '16743'),
(804, '26', '16760'),
(805, '26', '16763'),
(806, '26', '16769'),
(807, '26', '16782'),
(808, '26', '16784'),
(809, '26', '16788'),
(810, '26', '16825'),
(811, '26', '16833'),
(812, '26', '16844'),
(813, '26', '16850'),
(814, '26', '16867'),
(815, '26', '16876'),
(816, '26', '16892'),
(817, '26', '16896'),
(818, '26', '16897'),
(819, '26', '16913'),
(820, '27', '16620'),
(821, '27', '16625'),
(822, '27', '16630'),
(823, '27', '16658'),
(824, '27', '16668'),
(825, '27', '16673'),
(826, '27', '16681'),
(827, '27', '16694'),
(828, '27', '16707'),
(829, '27', '16751'),
(830, '27', '16755'),
(831, '27', '16768'),
(832, '27', '16779'),
(833, '27', '16781'),
(834, '27', '16791'),
(835, '27', '16797'),
(836, '27', '16804'),
(837, '27', '16806'),
(838, '27', '16809'),
(839, '27', '16822'),
(840, '27', '16832'),
(841, '27', '16838'),
(842, '27', '16841'),
(843, '27', '16842'),
(844, '27', '16848'),
(845, '27', '16849'),
(846, '27', '16875'),
(847, '27', '16880'),
(848, '27', '16894'),
(849, '27', '16898'),
(850, '27', '16903'),
(851, '27', '16909'),
(852, '27', '16916'),
(853, '27', '16918'),
(854, '27', '16921'),
(855, '28', '16619'),
(856, '28', '16629'),
(857, '28', '16635'),
(858, '28', '16661'),
(859, '28', '16683'),
(860, '28', '16686'),
(861, '28', '16693'),
(862, '28', '16696'),
(863, '28', '16697'),
(864, '28', '16705'),
(865, '28', '16715'),
(866, '28', '16721'),
(867, '28', '16736'),
(868, '28', '16739'),
(869, '28', '16766'),
(870, '28', '16774'),
(871, '28', '16787'),
(872, '28', '16796'),
(873, '28', '16815'),
(874, '28', '16830'),
(875, '28', '16835'),
(876, '28', '16840'),
(877, '28', '16846'),
(878, '28', '16868'),
(879, '28', '16874'),
(880, '28', '16891'),
(881, '28', '16900'),
(882, '28', '16902'),
(883, '28', '16904'),
(884, '28', '16915'),
(885, '28', '16917'),
(886, '28', '16922'),
(887, '28', '16927'),
(888, '28', '16929'),
(889, '29', '16632'),
(890, '29', '16636'),
(891, '29', '16638'),
(892, '29', '16641'),
(893, '29', '16652'),
(894, '29', '16655'),
(895, '29', '16671'),
(896, '29', '16676'),
(897, '29', '16687'),
(898, '29', '16712'),
(899, '29', '16730'),
(900, '29', '16731'),
(901, '29', '16737'),
(902, '29', '16750'),
(903, '29', '16773'),
(904, '29', '16777'),
(905, '29', '16778'),
(906, '29', '16793'),
(907, '29', '16794'),
(908, '29', '16807'),
(909, '29', '16811'),
(910, '29', '16824'),
(911, '29', '16843'),
(912, '29', '16847'),
(913, '29', '16851'),
(914, '29', '16853'),
(915, '29', '16856'),
(916, '29', '16862'),
(917, '29', '16878'),
(918, '29', '16881'),
(919, '29', '16906'),
(920, '29', '16908'),
(921, '29', '16912'),
(922, '29', '16919'),
(923, '31', '16623'),
(924, '31', '16633'),
(925, '31', '16644'),
(926, '31', '16647'),
(927, '31', '16649'),
(928, '31', '16665'),
(929, '31', '16670'),
(930, '31', '16703'),
(931, '31', '16709'),
(932, '31', '16723'),
(933, '31', '16732'),
(934, '31', '16740'),
(935, '31', '16749'),
(936, '31', '16762'),
(937, '31', '16770'),
(938, '31', '16775'),
(939, '31', '16786'),
(940, '31', '16802'),
(941, '31', '16805'),
(942, '31', '16816'),
(943, '31', '16820'),
(944, '31', '16834'),
(945, '31', '16864'),
(946, '31', '16870'),
(947, '31', '16884'),
(948, '31', '16895'),
(949, '31', '16899'),
(950, '31', '16901'),
(951, '31', '16910'),
(952, '31', '16925'),
(953, '31', '16926'),
(954, '32', '16614'),
(955, '32', '16617'),
(956, '32', '16621'),
(957, '32', '16626'),
(958, '32', '16637'),
(959, '32', '16651'),
(960, '32', '16656'),
(961, '32', '16659'),
(962, '32', '16675'),
(963, '32', '16678'),
(964, '32', '16700'),
(965, '32', '16718'),
(966, '32', '16726'),
(967, '32', '16729'),
(968, '32', '16734'),
(969, '32', '16747'),
(970, '32', '16759'),
(971, '32', '16765'),
(972, '32', '16789'),
(973, '32', '16799'),
(974, '32', '16808'),
(975, '32', '16813'),
(976, '32', '16819'),
(977, '32', '16845'),
(978, '32', '16854'),
(979, '32', '16858'),
(980, '32', '16859'),
(981, '32', '16873'),
(982, '32', '16886'),
(983, '32', '16890'),
(984, '32', '16893'),
(985, '32', '16930'),
(986, '33', '16618'),
(987, '33', '16631'),
(988, '33', '16654'),
(989, '33', '16660'),
(990, '33', '16666'),
(991, '33', '16667'),
(992, '33', '16679'),
(993, '33', '16695'),
(994, '33', '16710'),
(995, '33', '16714'),
(996, '33', '16735'),
(997, '33', '16742'),
(998, '33', '16746'),
(999, '33', '16748'),
(1000, '33', '16761'),
(1001, '33', '16771'),
(1002, '33', '16776'),
(1003, '33', '16792'),
(1004, '33', '16803'),
(1005, '33', '16812'),
(1006, '33', '16817'),
(1007, '33', '16821'),
(1008, '33', '16823'),
(1009, '33', '16829'),
(1010, '33', '16836'),
(1011, '33', '16866'),
(1012, '33', '16872'),
(1013, '33', '16882'),
(1014, '33', '16883'),
(1015, '33', '16889'),
(1016, '33', '16920'),
(1017, '34', '16616'),
(1018, '34', '16627'),
(1019, '34', '16642'),
(1020, '34', '16648'),
(1021, '34', '16650'),
(1022, '34', '16669'),
(1023, '34', '16677'),
(1024, '34', '16689'),
(1025, '34', '16691'),
(1026, '34', '16699'),
(1027, '34', '16701'),
(1028, '34', '16708'),
(1029, '34', '16728'),
(1030, '34', '16741'),
(1031, '34', '16752'),
(1032, '34', '16754'),
(1033, '34', '16767'),
(1034, '34', '16783'),
(1035, '34', '16785'),
(1036, '34', '16800'),
(1037, '34', '16810'),
(1038, '34', '16814'),
(1039, '34', '16818'),
(1040, '34', '16831'),
(1041, '34', '16839'),
(1042, '34', '16857'),
(1043, '34', '16860'),
(1044, '34', '16865'),
(1045, '34', '16885'),
(1046, '34', '16888'),
(1047, '34', '16911'),
(1048, '34', '16914'),
(1049, '35', '16643'),
(1050, '35', '16692'),
(1051, '35', '16702'),
(1052, '35', '16720'),
(1053, '35', '16733'),
(1054, '35', '16738'),
(1055, '35', '16756'),
(1056, '35', '16795'),
(1057, '35', '16801'),
(1058, '35', '16827'),
(1059, '35', '16837'),
(1060, '35', '16869'),
(1061, '35', '16871'),
(1062, '35', '16877'),
(1063, '35', '16887'),
(1064, '37', 'kelas10b');

-- --------------------------------------------------------

--
-- Table structure for table `kursus_setting`
--

DROP TABLE IF EXISTS `kursus_setting`;
CREATE TABLE IF NOT EXISTS `kursus_setting` (
  `id` int(4) NOT NULL AUTO_INCREMENT,
  `guru` varchar(255) NOT NULL,
  `mapel` varchar(255) NOT NULL,
  `tahun` varchar(255) NOT NULL,
  `kelas` varchar(512) NOT NULL,
  `judul` varchar(50) NOT NULL,
  PRIMARY KEY (`id`)
) ENGINE=MyISAM  DEFAULT CHARSET=latin1 AUTO_INCREMENT=16 ;

--
-- Dumping data for table `kursus_setting`
--

INSERT INTO `kursus_setting` (`id`, `guru`, `mapel`, `tahun`, `kelas`, `judul`) VALUES
(14, 'hans', '4', '2015/2016', '16,17,18,19,20,21,22,23,24', 'TIK XI'),
(5, 'muchid', '4', '2015/2016', '25,26,27,28,29,30,31,32,33,34,35', 'TIK XII'),
(15, 'machrus', '4', '2015/2016', '36,37,38,39,40,41,42,43,44,45', 'TIK X');

-- --------------------------------------------------------

--
-- Table structure for table `mapel`
--

DROP TABLE IF EXISTS `mapel`;
CREATE TABLE IF NOT EXISTS `mapel` (
  `id` int(4) NOT NULL AUTO_INCREMENT,
  `mapel` varchar(255) NOT NULL,
  `icon` varchar(255) NOT NULL,
  PRIMARY KEY (`id`)
) ENGINE=InnoDB  DEFAULT CHARSET=latin1 AUTO_INCREMENT=5 ;

--
-- Dumping data for table `mapel`
--

INSERT INTO `mapel` (`id`, `mapel`, `icon`) VALUES
(4, 'TIK', 'icon04.jpg');

-- --------------------------------------------------------

--
-- Table structure for table `mapel_icon`
--

DROP TABLE IF EXISTS `mapel_icon`;
CREATE TABLE IF NOT EXISTS `mapel_icon` (
  `id` int(5) NOT NULL AUTO_INCREMENT,
  `icon` varchar(255) NOT NULL,
  PRIMARY KEY (`id`)
) ENGINE=InnoDB  DEFAULT CHARSET=latin1 AUTO_INCREMENT=6 ;

--
-- Dumping data for table `mapel_icon`
--

INSERT INTO `mapel_icon` (`id`, `icon`) VALUES
(1, 'icon01.jpg'),
(2, 'icon02.jpg'),
(3, 'icon03.jpg'),
(4, 'icon04.jpg'),
(5, 'icon05.jpg');

-- --------------------------------------------------------

--
-- Table structure for table `materi`
--

DROP TABLE IF EXISTS `materi`;
CREATE TABLE IF NOT EXISTS `materi` (
  `id` int(4) NOT NULL AUTO_INCREMENT,
  `pertemuan` int(3) NOT NULL,
  `judul` varchar(255) NOT NULL,
  `materi` varchar(255) NOT NULL,
  `guru` varchar(255) NOT NULL,
  `idkursus` varchar(512) NOT NULL,
  `konten` text NOT NULL,
  `kelas` varchar(50) NOT NULL,
  PRIMARY KEY (`id`)
) ENGINE=InnoDB  DEFAULT CHARSET=latin1 AUTO_INCREMENT=11 ;

--
-- Dumping data for table `materi`
--

INSERT INTO `materi` (`id`, `pertemuan`, `judul`, `materi`, `guru`, `idkursus`, `konten`, `kelas`) VALUES
(1, 1, '1.1. Pengenalan WP', '', 'muchid', '5', '"Lorem ipsum dolor sit amet, consectetur adipiscing elit, sed do eiusmod tempor incididunt ut labore et dolore magna aliqua. Ut enim ad minim veniam, quis nostrud exercitation ullamco laboris nisi ut aliquip ex ea commodo consequat. Duis aute irure dolor in reprehenderit in voluptate velit esse cillum dolore eu fugiat nulla pariatur. Excepteur sint occaecat cupidatat non proident, sunt in culpa qui officia deserunt mollit anim id est laborum', ''),
(3, 1, '1.2. Pengenalan XAMPP', '', 'muchid', '5', '1.2. Pengenalan XAMPP', ''),
(4, 9, 'PERTEMUAN 1 - Struktur Dasar C', 'PERTEMUAN 1 - Struktur Dasar C.pdf', 'hans', '14', '<p>PERTEMUAN 1 - Struktur Dasar C</p>', ''),
(5, 2, 'Installasi XAMPP', '', 'muchid', '5', 'Installasi XAMPP', ''),
(6, 8, 'Materi Corel Draw X4', 'Materi-Coreldraw-X4.pdf', 'machrus', '15', 'Materi-Coreldraw-X4 untuk Kelas X', ''),
(7, 9, 'MODUL 2 Perulangan pada C', 'MODUL 2 Perulangan pada C.pdf', 'hans', '14', 'MODUL 2 Perulangan pada C', ''),
(10, 8, 'kelas xa', '', 'machrus', '15', 'kelas xa', '36');

-- --------------------------------------------------------

--
-- Table structure for table `menu`
--

DROP TABLE IF EXISTS `menu`;
CREATE TABLE IF NOT EXISTS `menu` (
  `id` int(2) NOT NULL AUTO_INCREMENT,
  `menu` varchar(50) NOT NULL DEFAULT '',
  `url` varchar(127) NOT NULL DEFAULT '',
  `published` int(1) NOT NULL DEFAULT '0',
  `ordering` int(2) NOT NULL DEFAULT '0',
  PRIMARY KEY (`id`)
) ENGINE=MyISAM  DEFAULT CHARSET=latin1 AUTO_INCREMENT=26 ;

--
-- Dumping data for table `menu`
--

INSERT INTO `menu` (`id`, `menu`, `url`, `published`, `ordering`) VALUES
(1, 'Home', 'index.php', 1, 1),
(2, 'Interaktif', '#', 1, 4),
(22, 'Selebriti', 'category-selebriti.html', 1, 5),
(19, 'Links', 'links.html', 1, 3),
(24, 'TEKNOLOGI', 'category-teknologi.html', 1, 7),
(23, 'Hukum', 'category-hukum.html', 1, 6),
(25, 'SOSIAL', 'category-sosial.html', 1, 8);

-- --------------------------------------------------------

--
-- Table structure for table `menu_guru`
--

DROP TABLE IF EXISTS `menu_guru`;
CREATE TABLE IF NOT EXISTS `menu_guru` (
  `id` int(6) NOT NULL AUTO_INCREMENT,
  `menu` varchar(255) NOT NULL DEFAULT '',
  `url` varchar(255) NOT NULL DEFAULT '',
  `ordering` int(2) NOT NULL,
  `parent` int(4) NOT NULL DEFAULT '0',
  `icon` varchar(100) NOT NULL,
  PRIMARY KEY (`id`)
) ENGINE=MyISAM  DEFAULT CHARSET=latin1 AUTO_INCREMENT=27 ;

--
-- Dumping data for table `menu_guru`
--

INSERT INTO `menu_guru` (`id`, `menu`, `url`, `ordering`, `parent`, `icon`) VALUES
(2, 'Change Password', 'admin.php?pilih=user&mod=yes&aksi=change', 1, 1, ''),
(1, 'Account', '#', 1, 0, 'settings.png'),
(26, 'Photo', 'admin.php?pilih=user&mod=yes&aksi=photo', 3, 1, ''),
(25, 'Profil', 'admin.php?pilih=user&mod=yes&aksi=profil', 2, 1, ''),
(23, 'E-Learning', '#', 1, 0, 'posts.png'),
(24, 'Latihan Ujian', 'admin.php?pilih=ujian&mod=yes', 2, 23, ''),
(22, 'Materi', 'admin.php?pilih=materi&mod=yes', 1, 23, '');

-- --------------------------------------------------------

--
-- Table structure for table `menu_siswa`
--

DROP TABLE IF EXISTS `menu_siswa`;
CREATE TABLE IF NOT EXISTS `menu_siswa` (
  `id` int(6) NOT NULL AUTO_INCREMENT,
  `menu` varchar(255) NOT NULL DEFAULT '',
  `url` varchar(255) NOT NULL DEFAULT '',
  `ordering` int(2) NOT NULL,
  `parent` int(4) NOT NULL DEFAULT '0',
  `icon` varchar(100) NOT NULL,
  PRIMARY KEY (`id`)
) ENGINE=MyISAM  DEFAULT CHARSET=latin1 AUTO_INCREMENT=20 ;

--
-- Dumping data for table `menu_siswa`
--

INSERT INTO `menu_siswa` (`id`, `menu`, `url`, `ordering`, `parent`, `icon`) VALUES
(2, 'Change Password', 'admin.php?pilih=user&mod=yes&aksi=change', 1, 1, ''),
(1, 'Account', '#', 1, 0, 'settings.png'),
(18, 'Latihan Ujian', 'admin.php?pilih=ujian&mod=yes', 3, 19, ''),
(17, 'Materi ELearning', 'admin.php?pilih=materi&mod=yes', 2, 19, ''),
(19, 'E-Learning', '#', 1, 0, 'posts.png');

-- --------------------------------------------------------

--
-- Table structure for table `modul`
--

DROP TABLE IF EXISTS `modul`;
CREATE TABLE IF NOT EXISTS `modul` (
  `id` tinyint(11) NOT NULL AUTO_INCREMENT,
  `modul` varchar(30) NOT NULL DEFAULT '',
  `isi` text NOT NULL,
  `setup` varchar(50) NOT NULL DEFAULT '',
  `posisi` tinyint(2) NOT NULL DEFAULT '0',
  `published` int(1) NOT NULL DEFAULT '0',
  `ordering` int(5) NOT NULL DEFAULT '0',
  `type` enum('block','module') NOT NULL DEFAULT 'module',
  PRIMARY KEY (`id`)
) ENGINE=MyISAM  DEFAULT CHARSET=latin1 AUTO_INCREMENT=33 ;

--
-- Dumping data for table `modul`
--

INSERT INTO `modul` (`id`, `modul`, `isi`, `setup`, `posisi`, `published`, `ordering`, `type`) VALUES
(1, 'Terbaru', 'mod/news/terakhir.php', '', 1, 1, 3, 'module'),
(2, 'Statistik Situs', 'mod/statistik/stat.php', '', 1, 1, 6, 'module'),
(3, 'Polling', 'mod/polling/polling.php', '', 1, 0, 99, 'module'),
(4, 'Kalender', 'mod/calendar/calendar.php', '', 1, 0, 100, 'module'),
(5, 'Pesan Singkat', 'mod/shoutbox/shoutboxview.php', '', 1, 0, 99, 'module'),
(6, 'Random Links', 'mod/random_link/randomlink.php', '', 1, 0, 100, 'module'),
(7, 'Top Download', 'mod/top_download/topdl.php', '', 1, 0, 99, 'module'),
(8, 'Login', 'mod/login/login.php', '', 1, 0, 99, 'module'),
(10, 'ip logs', 'mod/phpids/ids.php', '', 1, 0, 99, 'module'),
(17, 'Social Widget', 'mod/socialwidget/socialwidget.php', '', 1, 0, 99, 'module'),
(18, 'Follow Us', 'mod/socialurl/socialurl.php', '', 1, 0, 99, 'module'),
(22, 'Follow Kami di Twitter', '<script type="text/javascript" charset="utf-8" src="http://widgets.twimg.com/j/2/widget.js"></script>\r\n<script type="text/javascript">\r\nnew TWTR.Widget({\r\n  version: 2,\r\n  type: ''profile'',\r\n  rpp: 4,\r\n  interval: 30000,\r\n  width: 300,\r\n  height: 250,\r\n  theme: {\r\n    shell: {\r\n      background: ''#1E7DC1'',\r\n      color: ''#ffffff''\r\n    },\r\n    tweets: {\r\n      background: ''#ffffff'',\r\n      color: ''#333333'',\r\n      links: ''#eb0707''\r\n    }\r\n  },\r\n  features: {\r\n    scrollbar: true,\r\n    loop: false,\r\n    live: false,\r\n    behavior: ''default''\r\n  }\r\n}).render().setUser(''ppikomkutisari'').start();\r\n</script>', '', 1, 0, 99, 'block'),
(29, 'Apa itu RWD', '<div align="center">\r\n<a href="#"><img src="images/rwd-kecil.jpg"></a>\r\n</div>', '', 1, 1, 5, 'block'),
(32, 'Terpopuler', 'mod/news/terpopuler.php', '', 1, 1, 2, 'module'),
(31, 'Pencarian', 'mod/pencarian/pencarian.php', '', 1, 1, 1, 'module');

-- --------------------------------------------------------

--
-- Table structure for table `pengumuman_sekolah`
--

DROP TABLE IF EXISTS `pengumuman_sekolah`;
CREATE TABLE IF NOT EXISTS `pengumuman_sekolah` (
  `id` int(11) NOT NULL AUTO_INCREMENT,
  `judul` varchar(255) NOT NULL DEFAULT '',
  `konten` text NOT NULL,
  `user` varchar(30) NOT NULL DEFAULT '',
  `tgl` date NOT NULL DEFAULT '0000-00-00',
  `hits` int(250) NOT NULL DEFAULT '0',
  `seftitle` varchar(225) NOT NULL,
  PRIMARY KEY (`id`)
) ENGINE=MyISAM  DEFAULT CHARSET=latin1 AUTO_INCREMENT=2 ;

--
-- Dumping data for table `pengumuman_sekolah`
--

INSERT INTO `pengumuman_sekolah` (`id`, `judul`, `konten`, `user`, `tgl`, `hits`, `seftitle`) VALUES
(1, 'Pengumuman 1XA', '<p><span>"Sed ut perspiciatis unde omnis iste natus error sit voluptatem accusantium doloremque laudantium, totam rem aperiam, eaque ipsa quae ab illo inventore veritatis et quasi architecto beatae vitae dicta sunt explicabo. Nemo enim ipsam voluptatem quia voluptas sit aspernatur aut odit aut fugit, sed quia consequuntur magni dolores eos qui ratione voluptatem sequi nesciunt. Neque porro quisquam est, qui dolorem ipsum quia dolor sit amet, consectetur, adipisci velit, sed quia non numquam eius modi tempora incidunt ut labore et dolore magnam aliquam quaerat voluptatem. Ut enim ad minima veniam, quis nostrum exercitationem ullam corporis suscipit laboriosam, nisi ut aliquid ex ea commodi consequatur? Quis autem vel eum iure reprehenderit qui in ea voluptate velit esse quam nihil molestiae consequatur, vel illum qui dolorem eum fugiat quo voluptas nulla pariatur?"</span></p>', 'admin', '2014-09-01', 0, 'pengumuman-1xa');

-- --------------------------------------------------------

--
-- Table structure for table `pertemuan`
--

DROP TABLE IF EXISTS `pertemuan`;
CREATE TABLE IF NOT EXISTS `pertemuan` (
  `id` int(4) NOT NULL AUTO_INCREMENT,
  `pertemuan` varchar(512) NOT NULL,
  `idkursus` varchar(5) NOT NULL,
  PRIMARY KEY (`id`)
) ENGINE=InnoDB  DEFAULT CHARSET=latin1 AUTO_INCREMENT=10 ;

--
-- Dumping data for table `pertemuan`
--

INSERT INTO `pertemuan` (`id`, `pertemuan`, `idkursus`) VALUES
(1, 'Chapter 1', '5'),
(2, 'Chapter 2', '5'),
(3, 'Chapter 3', '5'),
(4, 'Chapter 4', '5'),
(5, 'Chapter 5', '5'),
(8, 'Pertemuan 1', '15'),
(9, 'Pertemuan1', '14');

-- --------------------------------------------------------

--
-- Table structure for table `sensor`
--

DROP TABLE IF EXISTS `sensor`;
CREATE TABLE IF NOT EXISTS `sensor` (
  `id` bigint(20) NOT NULL AUTO_INCREMENT,
  `word` varchar(50) NOT NULL DEFAULT '',
  PRIMARY KEY (`id`)
) ENGINE=MyISAM  DEFAULT CHARSET=latin1 AUTO_INCREMENT=10 ;

--
-- Dumping data for table `sensor`
--

INSERT INTO `sensor` (`id`, `word`) VALUES
(1, 'Kontol'),
(2, 'Anjing'),
(3, 'Anjeng'),
(4, 'anjrit'),
(5, 'memek'),
(6, 'tempek'),
(7, 'Bangsat'),
(8, 'fuck'),
(9, 'eSDeCe');

-- --------------------------------------------------------

--
-- Table structure for table `situs`
--

DROP TABLE IF EXISTS `situs`;
CREATE TABLE IF NOT EXISTS `situs` (
  `id` int(2) NOT NULL AUTO_INCREMENT,
  `email_master` varchar(50) COLLATE latin1_general_ci NOT NULL,
  `judul_situs` varchar(50) COLLATE latin1_general_ci NOT NULL,
  `url_situs` varchar(50) COLLATE latin1_general_ci NOT NULL,
  `slogan` varchar(50) COLLATE latin1_general_ci NOT NULL,
  `description` text COLLATE latin1_general_ci NOT NULL,
  `keywords` text COLLATE latin1_general_ci NOT NULL,
  `maxkonten` int(2) NOT NULL DEFAULT '5',
  `maxadmindata` int(2) NOT NULL DEFAULT '5',
  `maxdata` int(2) NOT NULL DEFAULT '5',
  `maxgalleri` int(2) NOT NULL DEFAULT '4',
  `widgetshare` int(2) NOT NULL DEFAULT '0',
  `theme` varchar(50) COLLATE latin1_general_ci NOT NULL DEFAULT 'penilaiansikap',
  `author` text COLLATE latin1_general_ci NOT NULL,
  `alamatkantor` text COLLATE latin1_general_ci NOT NULL,
  `publishwebsite` int(1) NOT NULL DEFAULT '1',
  `publishnews` int(2) NOT NULL,
  `maxgalleridata` int(11) NOT NULL,
  `widgetkomentar` int(2) NOT NULL DEFAULT '1',
  `widgetpenulis` int(2) NOT NULL DEFAULT '2',
  `semester` varchar(50) COLLATE latin1_general_ci NOT NULL,
  `tahun ajaran` int(50) NOT NULL,
  `tampilan` enum('table','icon') COLLATE latin1_general_ci NOT NULL DEFAULT 'table',
  PRIMARY KEY (`id`)
) ENGINE=MyISAM  DEFAULT CHARSET=latin1 COLLATE=latin1_general_ci AUTO_INCREMENT=2 ;

--
-- Dumping data for table `situs`
--

INSERT INTO `situs` (`id`, `email_master`, `judul_situs`, `url_situs`, `slogan`, `description`, `keywords`, `maxkonten`, `maxadmindata`, `maxdata`, `maxgalleri`, `widgetshare`, `theme`, `author`, `alamatkantor`, `publishwebsite`, `publishnews`, `maxgalleridata`, `widgetkomentar`, `widgetpenulis`, `semester`, `tahun ajaran`, `tampilan`) VALUES
(1, 'admin@admin.com', 'E-Learning CBT', 'http://localhost/elearningcbt/', 'Slogan / Motto Sekolah', 'E-Learning CBT', 'surabaya,indonesia', 5, 50, 10, 4, 3, 'elearning', '', '<span>"Lorem ipsum dolor sit amet, consectetur adipiscing elit, sed do eiusmod tempor incididunt ut labore et dolore magna aliqua. Ut enim ad minim veniam, quis nostrud exercitation ullamco laboris nisi ut aliquip ex ea commodo consequat. Duis aute irure dolor in reprehenderit in voluptate velit esse cillum dolore eu fugiat nulla pariatur. Excepteur sint occaecat cupidatat non proident, sunt in culpa qui officia deserunt mollit anim id est laborum."</span>', 1, 1, 12, 1, 2, '', 0, 'icon');

-- --------------------------------------------------------

--
-- Table structure for table `soal`
--

DROP TABLE IF EXISTS `soal`;
CREATE TABLE IF NOT EXISTS `soal` (
  `id` int(11) NOT NULL AUTO_INCREMENT,
  `ujian` int(10) NOT NULL,
  `soal` text NOT NULL,
  `pilihan` text NOT NULL,
  `kunci` enum('a','b','c','d','e') NOT NULL,
  `files` varchar(255) NOT NULL,
  PRIMARY KEY (`id`)
) ENGINE=InnoDB  DEFAULT CHARSET=latin1 AUTO_INCREMENT=70 ;

--
-- Dumping data for table `soal`
--

INSERT INTO `soal` (`id`, `ujian`, `soal`, `pilihan`, `kunci`, `files`) VALUES
(26, 29, 'Jenis gambar yang dihasilkan oleh program Corel Draw X4 adalah', 'gambar bitmap #gambar vektor #gambar animasi #gambar pixel #gambar transparan', 'b', ''),
(27, 29, '<span>Tool pada Corel Draw X4 untuk mewarnai dengan gradasi sebuah objek adalah</span>', 'pen tool#shape tool#interactive fill tool#fill tool #curve tool', 'd', ''),
(28, 29, 'Shortcut dari perintah convert to curve adalah', 'CTRL + H #CTRL + Q #CTRL + ALT + Q #CTRL + Q #CTRL +W', 'b', ''),
(29, 29, 'Pada Corel Draw X4, untuk membuat garis lurus menjadi melengkung, maka yang harus dilakukan adalah', 'Menggunakan pick tool >> klik kanan pada garis >> to curve#Menggunakan pick tool >> klik kiri pada garis >> to curve#Menggunakan shape tool >> klik kanan pada garis >> to curve#Menggunakan shape tool >> klik kiri pada garis  >> to curve#klik menu effect >> curve effect', 'c', ''),
(30, 29, 'Tool pada Corel Draw X4 yang dipakai untuk membuat salib pada logo Frateran di samping ini adalah', 'Membuat 2 rectangular tool lalu pilih Weld#Membuat 2 rectangular tool lalu pilih intersect#Membuat 2 rectangular tool lalu pilih front minus back#Membuat 2 rectangular tool lalu pilih back minus front#Membuat 2 rectangular tool lalu pilih trim', 'a', 'cef7e6e588ca55a3e71dea23d07d02c1.jpg'),
(31, 29, 'Nama tool pada nomer 1, 4, 10 dan 14 adalah', 'Pick Tool , Rectangle Tool, Text Tool dan Paint Bucket#Pick Tool, Zoom Tool, Basic Shape Tool dan Eyedroper Tool#Pick Tool, Zoom Tool, Eyedroper Tool dan Circle Tool#Pick Tool, Zool Tool, Shape Tool dan Table Tool#Pick Tool, Shape Tool, Basic Shape Tool dan Eyedroper', 'b', '0dfff582307b88a66157bc52f1d418e7.jpg'),
(32, 29, 'Nama tool pada nomer 5 , 17 dan 15 adalah', 'Bezier Tool, Smart Fill Tool dan Freehand Tool#Freehand Tool, Circle Tool, Paint Bucket#Freehand Tool, Interactive Fill Tool, Pen Tool#Freehand Tool, Rectangle Tool, Bezier Tool#Bezier Tool, Interactive Fill Tool, Freehand Tool ', 'c', 'f1800887c82aca75dbf0c3c77c900642.jpg'),
(33, 29, 'Nama tool pada nomer 8 dan 11 dan 5 adalah', 'Circle Tool dan Text Tool dan Pen Tool#Circle Tool dan Rectangle Tool dan Freehand Tool#Circle Tool dan Text Tool dan Bezier Tool#Circle Tool dan Smart Fill Tool dan Crop Tool#Circle Tool dan Text Tool dan Freehand Tool', 'e', '61fb70772b783a8c23655286c737b10f.jpg'),
(34, 29, 'Nama tool pada nomer 9 dan 12 dan 3 adalah', 'Basic Shape dan Text Tool dan Zoom Tool#Polygon Tool dan Table Tool dan Crop Tool#Polygon Tool dan Table Tool dan Pen Tool#Polygon Tool dan Fill Tool dan Crop Tool#Polygon Tool dan Zoom Tool dan Crop Tool', 'b', 'd062d0501dad07c2e162b40e407e4b87.jpg'),
(35, 29, 'Nama tool pada nomer 13 dan 2 dan 9 adalah', 'Interactive Blend Tool dan Text Tool dan Zoom Tool#Interactive Blend Tool dan Shape dan Polygon Tool#Interactive Blend Tool dan Pick Tool dan Crop Tool#Polygon Tool dan Table Tool dan Crop Tool#Polygon Tool dan Zoom Tool dan Crop Tool', 'b', '55cd75e16cb1e1b6939ca0e8d55bf5c8.jpg'),
(36, 29, 'Tool pada Corel Draw X4 yang digunakan untuk membuat tulisan FRATERAN adalah', 'Font tool#pick tool#Text tool#blend tool#free hand tool', 'c', 'f2561b8f6611011b27e0b38d041710a9.jpg'),
(37, 29, 'File extention dari <strong>corel draw</strong> adalah...', '.exe #.jpg #.bmp #.cdr #.psd', 'd', ''),
(38, 29, 'Ekspansi atau menu tambahan dari beberapa perintah menu dan juga tool box yang sedang aktif adalah pengertian dari...', 'Color palettes#Tool bar#Menu bar#Transformation bar#Docker', 'e', ''),
(39, 29, 'Pada Corel Draw X4, langkah yang harus dilakukan untuk mengekspor gambar menjadi tipe jpg atau psd adalah ...', 'klik kanan >> export#menu edit >> import#menu edit >> export#menu file >> import#menu file >> export', 'e', ''),
(40, 29, 'Pada Corel Draw X4, tool yang digunakan untuk memberikan warna gradasi pada sebuah obyek kotak adalah.&hellip;', 'uniform fill#fountain fill#texture fill#pattern fill#postscript fill', 'b', ''),
(41, 29, 'Efek shaping yang berfungsi untuk mengelas/menyambung objek.', 'Weld#Trim#Intersect#Font Minus Back#Jawaban A, B, C, D, Salah', 'a', ''),
(42, 29, 'Berikut ini adalah langkah-langkah untuk membuat logo seperti gambar di bawah ini, <strong>KECUALI</strong> ...', 'Buat bentuk segitiga dengan Bezier tool dan di lengkungkan#Buat object tulisan dengan text tool#Duplicate#Intersect dan weld#Memberi warna dengan fountain fill', 'd', '1ab4ef56a837e4c3b88f165f697f52c4.jpg'),
(43, 29, 'Pada Corel Draw X4, langkah klik kanan pada obyek &gt;&gt; klik order &gt;&gt; front of page digunakan untuk...', 'mengubah posisi obyek ke depan satu kali#mengubah posisi obyek ke belakang satu kali#mengubah posisi obyek ke paling depan#mengubah posisi obyek ke paling belakang#menghapus obyek', 'c', ''),
(44, 29, 'Jika pilihan operation shaping tidak muncul pada proses pemotongan atau penggabungan 2 objek atau lebih, kemungkinan penyebabnya adalah ...', 'Objek merupakan vektor#Objek-objek belum dipilih#Objek merupakan basic shapes#Objek belum di convert to line#Objek belum di convert to curve', 'b', ''),
(45, 29, 'Pada Corel Draw X4, cara membuat gambar obyek baru seperti yang diarsir pada gambar di bawah ini dari 2 buah obyek lingkaran, menggunakan fasilitas ...', 'Weld dan intersect#Intersect dan weld#back minus front dan Weld#Weld dan Trim#Weld dan front minus back', 'd', '13d8d5fd9d1dfdbdc43247559a9f0e9b.jpg'),
(46, 29, 'Untuk membuat lingkaran yang bulat, kita menggunakan tool nomor 8 sambil menekan tombol ...', 'SHIFT #ALT + SHIFT #CTRL#Fn + SHIFT #Fn + CTRL + SHIFT', 'c', ''),
(47, 29, 'Warning yang muncul disamping ini diakibatkan oleh...', 'Tidak ada objek yang dipilih untuk diwarnai#Warna yang digunakan bukan tipe CMYK#Tidak ada teks artistik yang dapat diwarna#Tulisan tidak dapat diwarnai menggunakan Uniform Fill#Objek yang dipilih harus diubah menjadi grafik', 'a', '18bc22798edae80673c1a113b0348fe7.jpg'),
(48, 29, 'Tool yang berfungsi untuk menggambar kurva yang mempunyai handle untuk mengendalikan bentuk kurva adalah...', 'Freehand Tool#Bezier Tool#Shape Tool#Pick Tool#Rectangle Tool', 'b', ''),
(49, 29, 'Ada berapa macam cara memberikan warna pada objek...', '4#5#6#7#8', 'c', ''),
(50, 29, '<span>Jika dari gambar A menjadi gambar B maka diperlukan mengatur posisi letak objek gambar, jika objek kotak kita pilih, maka posisi letak yang diperlukan adalah ....</span>', 'To Front #Back one #Forward One #To Front Of Page #To Back ', 'b', 'd67a176d0b72467d2038653b34538621.jpg'),
(51, 29, 'Shortcut untuk menggunakan text tool adalah ...', 'F5#F6#F7#F8#F9', 'd', ''),
(52, 29, 'Shortcut untuk melakukan redo adalah ...', 'Ctrl+ Alt + Z #Ctrl + Y #Ctrl+ O #Ctrl+ Shift + Z #Ctrl+ S', 'd', ''),
(53, 29, 'Efek shaping yang berfungsi untuk mengelas/menyambung objek...', 'Weld #Trim #Intersect #Front Minus Back #Back Minus Front', 'a', ''),
(54, 29, 'Efek shaping yang berfungsi untuk memotong mengikuti bentuk objek pemotong, dan tidak menghilangkan objek pemotong...', 'Weld #Trim #Intersect #Front Minus Back #Back Minus Front', 'b', ''),
(55, 29, 'Efek shaping yang berfungsi untuk memotong dan membuat objek baru sesuai dengan gambar perpotongannya.', 'Weld #Trim #Front Minus Back#Back Minus Front #Intersect', 'e', ''),
(56, 29, 'PHP pertama kali dibuat oleh ...', 'Torvald#Rasmus Lerdorf#Steven Sinofsky#Charles Babbage#Charles Xavier', 'b', ''),
(57, 29, 'Ada berapa macam jenis hosting menurut fungsinya...', '1#2#3#4#5', 'b', ''),
(58, 29, 'Tugas utama Apache adalah &hellip; .', 'Menambahkan, mengubah, dan menghapus data yang berada dalam database#Mendukung kinerja web browser#Mengatur tampilan halaman web#Mengirimkan data ke web server#Menghasilkan halaman web yang benar kepada peminta berdasarkan kode PHP yang dituliskan oleh pembuat halaman web', 'e', ''),
(59, 29, 'Salah satu hal yang tidak bisa dilakukan oleh Content Management System adalah &hellip; .', 'Mempermudah seseorang dalam perusahaan yang tidak bisa HTML untuk memodifikasi isi webnya#Mengupdate dan mengedit banyak bentuk media seperti flash, film-film, dan lain-lain#Mengedit background halaman webnya#Menambahkan widget#Mengepostkan sebuah artikel', 'b', ''),
(60, 29, 'Pertama kali membuat wordpress, harus mengaktifkan bagian yang ada di XAMPP yaitu &hellip; .', 'Localhost dan MySQL#MySQL dan Filezilla#Filezilla dan Apache#Apache dan MySQL#MySQL dan Mercury', 'd', ''),
(61, 29, 'Untuk membuat halaman web dengan Wordpress secara offline, Anda memerlukan software yang dinamakan ...', 'Windows Media Player#XAMPP#Adobe Dreamweaver#Joomla#Quick Time Player', 'b', ''),
(62, 29, 'http://<strong>download</strong>.onlineshopsurabaya.com/file/baju.jpg <br />Tulisan yang dibold dan diperbesar adalah jenis...', 'Domain #Top Level Domain#Sub Domain#Folder Domain#File Domain', 'c', ''),
(63, 29, 'http://download.<strong>onlineshopsurabaya</strong>.com/file/baju.jpg<br />Tulisan yang dibold dan diperbesar adalah jenis&hellip; .', 'Domain #Top Level Domain#Sub Domain#Folder Domain#File Domain', 'b', ''),
(64, 29, 'http://download.onlineshopsurabaya<strong>.com</strong>/file/baju.jpg<br />Tulisan yang dibold dan diperbesar adalah jenis&hellip; .', 'Domain #Top Level Domain#Sub Domain#Folder Domain#File Domain', 'a', ''),
(65, 29, 'Gambar diatas menandakan bahwa &hellip; .', 'Xampp belum diaktifkan#Folder nama frateran tidak ada#Data yang dimasukkan belum benar#Belum membuat database#Jawaban C dan D benar', 'e', '2a03ea696e8413709f2c5183ff048f80.jpg'),
(66, 30, 'lambang apa ini ?', 'corel draw#photoshop#adobe reader#windows#semua salah', 'a', 'ff9e397b2a0985ed1275fb034f958529.jpg'),
(67, 30, 'benar B', 'a#b#c#d#e', 'b', ''),
(68, 30, 'benar A', 'a#b#c#d#e', 'a', ''),
(69, 30, 'benar E', 'a#b#c#d#e', 'e', '');

-- --------------------------------------------------------

--
-- Table structure for table `tbl_kalender`
--

DROP TABLE IF EXISTS `tbl_kalender`;
CREATE TABLE IF NOT EXISTS `tbl_kalender` (
  `judul` varchar(255) NOT NULL DEFAULT '',
  `isi` text NOT NULL,
  `waktu_mulai` date NOT NULL DEFAULT '0000-00-00',
  `waktu_akhir` date NOT NULL DEFAULT '0000-00-00',
  `background` varchar(10) NOT NULL DEFAULT '#d1d1d1',
  `color` varchar(10) NOT NULL DEFAULT '',
  `id` int(12) NOT NULL AUTO_INCREMENT,
  PRIMARY KEY (`id`)
) ENGINE=MyISAM  DEFAULT CHARSET=latin1 AUTO_INCREMENT=4 ;

--
-- Dumping data for table `tbl_kalender`
--

INSERT INTO `tbl_kalender` (`judul`, `isi`, `waktu_mulai`, `waktu_akhir`, `background`, `color`, `id`) VALUES
('Jadwal TJK Community', 'Jadwal TJK Community\r\n- Jumat 5 April 2013 jam 6 Sore di Ploso gg 10 Sby ', '2013-04-05', '2013-04-05', '#d1d1d1', '#999999', 1),
('Jadwal Grafis Community', 'Jadwal Grafis Community\r\n- Sabtu 6 April 2013 Jam 2 Siang di Kutisari Sby', '2013-04-06', '2013-04-06', '#d1d1d1', '#999999', 3);

-- --------------------------------------------------------

--
-- Table structure for table `topik`
--

DROP TABLE IF EXISTS `topik`;
CREATE TABLE IF NOT EXISTS `topik` (
  `id` tinyint(11) NOT NULL AUTO_INCREMENT,
  `topik` varchar(60) NOT NULL DEFAULT '',
  `ket` text NOT NULL,
  `parentid` int(2) NOT NULL DEFAULT '0',
  `seftitle` varchar(50) NOT NULL,
  PRIMARY KEY (`id`)
) ENGINE=MyISAM  DEFAULT CHARSET=latin1 AUTO_INCREMENT=48 ;

--
-- Dumping data for table `topik`
--

INSERT INTO `topik` (`id`, `topik`, `ket`, `parentid`, `seftitle`) VALUES
(46, 'Teknologi', 'Teknologi', 0, 'teknologi'),
(47, 'Sosial', 'Sosial', 0, 'sosial'),
(43, 'Selebriti', '<!DOCTYPE html>\r\n<html>\r\n<head>\r\n</head>\r\n<body>\r\n<p>Berisi Berita dan Perkembangan dari Selebriti Terbaru</p>\r\n</body>\r\n</html>', 0, 'selebriti'),
(44, 'Hukum', '<p>Seputar Berita tentang HUKUM dan KRIMINAL yang terjadi di sekitar kita</p>', 0, 'hukum');

-- --------------------------------------------------------

--
-- Table structure for table `tugas`
--

DROP TABLE IF EXISTS `tugas`;
CREATE TABLE IF NOT EXISTS `tugas` (
  `id` int(5) NOT NULL AUTO_INCREMENT,
  `judul` varchar(255) NOT NULL,
  `ket` text NOT NULL,
  `tglmulai` date NOT NULL,
  `tglakhir` date NOT NULL,
  `user` varchar(255) NOT NULL,
  PRIMARY KEY (`id`)
) ENGINE=InnoDB DEFAULT CHARSET=latin1 AUTO_INCREMENT=1 ;

-- --------------------------------------------------------

--
-- Table structure for table `tugaskomentar`
--

DROP TABLE IF EXISTS `tugaskomentar`;
CREATE TABLE IF NOT EXISTS `tugaskomentar` (
  `id` int(5) NOT NULL AUTO_INCREMENT,
  `tgl` date NOT NULL,
  `tugassiswa` int(5) NOT NULL,
  `nama` varchar(255) NOT NULL,
  `kelas` varchar(255) NOT NULL,
  `komentar` text NOT NULL,
  PRIMARY KEY (`id`)
) ENGINE=InnoDB  DEFAULT CHARSET=latin1 AUTO_INCREMENT=7 ;

--
-- Dumping data for table `tugaskomentar`
--

INSERT INTO `tugaskomentar` (`id`, `tgl`, `tugassiswa`, `nama`, `kelas`, `komentar`) VALUES
(3, '2014-11-03', 1, 'komen2', 'komen2', 'komen2'),
(4, '2014-11-03', 1, 'komen3', 'komen3', 'komen3'),
(5, '2014-11-03', 1, 'adad', 'asdasd', '<span>"But I must explain to you how all this mistaken idea of denouncing pleasure and praising pain was born and I will give you a complete account of the system, and expound the actual teachings of the great explorer of the truth, the master-builder of human happiness. No one rejects, dislikes, or avoids pleasure itself, because it is pleasure, but because those who do not know how to pursue pleasure rationally encounter consequences that are extremely painful. Nor again is there anyone who loves or pursues or desires to obtain pain of itself, because it is pain, but because occasionally circumstances occur in which toil and pain can procure him some great pleasure. To take a trivial example, which of us ever undertakes laborious physical exercise, except to obtain some advantage from it? But who has any right to find fault with a man who chooses to enjoy a pleasure that has no annoying consequences, or one who avoids a pain that produces no resultant pleasure?"</span>'),
(6, '2014-11-04', 2, 'asd', 'asdasd', 'asdad asdadsa');

-- --------------------------------------------------------

--
-- Table structure for table `tugassiswa`
--

DROP TABLE IF EXISTS `tugassiswa`;
CREATE TABLE IF NOT EXISTS `tugassiswa` (
  `id` int(5) NOT NULL AUTO_INCREMENT,
  `tugas` varchar(255) NOT NULL,
  `nama` varchar(255) NOT NULL,
  `kelas` varchar(255) NOT NULL,
  `file` varchar(512) NOT NULL,
  `ket` text NOT NULL,
  PRIMARY KEY (`id`)
) ENGINE=InnoDB DEFAULT CHARSET=latin1 AUTO_INCREMENT=1 ;

-- --------------------------------------------------------

--
-- Table structure for table `ujian`
--

DROP TABLE IF EXISTS `ujian`;
CREATE TABLE IF NOT EXISTS `ujian` (
  `id` int(4) NOT NULL AUTO_INCREMENT,
  `pertemuan` varchar(5) NOT NULL,
  `tgl` date NOT NULL,
  `judul` varchar(255) NOT NULL,
  `pointbenar` varchar(5) NOT NULL DEFAULT '0',
  `pointsalah` varchar(5) NOT NULL DEFAULT '0',
  `pointkosong` varchar(5) NOT NULL DEFAULT '0',
  `tipe` enum('urut','random') NOT NULL DEFAULT 'urut',
  `jumlahsoal` varchar(4) NOT NULL DEFAULT '10',
  `tipejawaban` varchar(255) NOT NULL DEFAULT '5',
  `status` enum('enabled','disabled') NOT NULL DEFAULT 'enabled',
  `guru` varchar(255) NOT NULL,
  `idkursus` varchar(5) NOT NULL,
  `petunjuk` text NOT NULL,
  `tipeujian` enum('latihan','ujian') NOT NULL DEFAULT 'latihan',
  PRIMARY KEY (`id`)
) ENGINE=InnoDB  DEFAULT CHARSET=latin1 AUTO_INCREMENT=31 ;

--
-- Dumping data for table `ujian`
--

INSERT INTO `ujian` (`id`, `pertemuan`, `tgl`, `judul`, `pointbenar`, `pointsalah`, `pointkosong`, `tipe`, `jumlahsoal`, `tipejawaban`, `status`, `guru`, `idkursus`, `petunjuk`, `tipeujian`) VALUES
(29, '1', '2015-08-11', 'Latihan TIK UAS 1 2015', '2.5', '0', '0', 'random', '40', 'a,b,c,d,e', 'enabled', 'muchid', '5', '- Bobot penilaian soal pilihan ganda adalah 100 poin<br />- Soal-soal yang dibuat berdasar pada program aplikasi komputer Corel Draw X4 dan Wordpress', 'latihan'),
(30, '1', '2015-08-11', 'ujian chapter 1', '25', '0', '0', 'urut', '4', 'a,b,c,d,e', 'enabled', 'muchid', '5', '- Bobot penilaian soal pilihan ganda adalah 100 poin<br />- Soal-soal yang dibuat berdasar pada program aplikasi komputer Corel Draw X4 dan Wordpress', 'latihan');

-- --------------------------------------------------------

--
-- Table structure for table `ujiannilai`
--

DROP TABLE IF EXISTS `ujiannilai`;
CREATE TABLE IF NOT EXISTS `ujiannilai` (
  `id` int(5) NOT NULL AUTO_INCREMENT,
  `tgl` date NOT NULL,
  `ujian` varchar(50) NOT NULL,
  `user` varchar(50) NOT NULL,
  `nilai` varchar(50) NOT NULL,
  PRIMARY KEY (`id`)
) ENGINE=InnoDB  DEFAULT CHARSET=latin1 AUTO_INCREMENT=11 ;

--
-- Dumping data for table `ujiannilai`
--

INSERT INTO `ujiannilai` (`id`, `tgl`, `ujian`, `user`, `nilai`) VALUES
(3, '2015-01-27', '26', 'admin', '0'),
(7, '2015-10-27', '29', 'muchid', '0'),
(9, '2015-02-05', '29', 'admin', '2.5'),
(10, '2015-10-27', '30', 'admin', '0');

-- --------------------------------------------------------

--
-- Table structure for table `useraura`
--

DROP TABLE IF EXISTS `useraura`;
CREATE TABLE IF NOT EXISTS `useraura` (
  `UserId` int(15) NOT NULL AUTO_INCREMENT,
  `user` varchar(250) NOT NULL DEFAULT '',
  `password` text NOT NULL,
  `level` enum('Siswa','Guru','Administrator') NOT NULL DEFAULT 'Siswa',
  `tipe` varchar(250) NOT NULL DEFAULT 'aktif',
  `is_online` int(5) NOT NULL DEFAULT '0',
  `last_ping` text NOT NULL,
  `start` datetime NOT NULL DEFAULT '0000-00-00 00:00:00',
  `exp` datetime NOT NULL DEFAULT '0000-00-00 00:00:00',
  `nama` varchar(512) NOT NULL,
  `photo` varchar(512) NOT NULL,
  `statusemail` enum('tampilkan','sembunyikan') NOT NULL DEFAULT 'sembunyikan',
  `statustelp` enum('tampilkan','sembunyikan') NOT NULL DEFAULT 'sembunyikan',
  `email` varchar(255) NOT NULL,
  `telp` varchar(255) NOT NULL,
  PRIMARY KEY (`UserId`),
  UNIQUE KEY `user` (`user`),
  UNIQUE KEY `user_2` (`user`)
) ENGINE=MyISAM  DEFAULT CHARSET=latin1 AUTO_INCREMENT=2409 ;

--
-- Dumping data for table `useraura`
--

INSERT INTO `useraura` (`UserId`, `user`, `password`, `level`, `tipe`, `is_online`, `last_ping`, `start`, `exp`, `nama`, `photo`, `statusemail`, `statustelp`, `email`, `telp`) VALUES
(1, 'admin', '21232f297a57a5a743894a0e4a801fc3', 'Administrator', 'aktif', 0, '2015-10-27 08:09:18', '2010-08-27 00:00:00', '2034-08-27 00:00:00', 'Administrator', '', 'sembunyikan', 'sembunyikan', '', ''),
(1764, '17041', '9426e9770a77cbcaefe1fb3a7e36327d', 'Siswa', 'aktif', 0, '', '0000-00-00 00:00:00', '0000-00-00 00:00:00', 'Felix Lonald', '', 'sembunyikan', 'sembunyikan', '', ''),
(1763, '17029', 'c40ddeb230354b0371189e8e84b6a576', 'Siswa', 'aktif', 0, '', '0000-00-00 00:00:00', '0000-00-00 00:00:00', 'Evelin Melianawati Gunawan', '', 'sembunyikan', 'sembunyikan', '', ''),
(1762, '17014', '373321f3ae1bebd3f6818359b0f8f6e6', 'Siswa', 'aktif', 0, '', '0000-00-00 00:00:00', '0000-00-00 00:00:00', 'Devi Kristianti Wijaya', '', 'sembunyikan', 'sembunyikan', '', ''),
(68, 'superadmin', 'b11d5ece6353d17f85c5ad30e0a02360', 'Administrator', 'aktif', 1, '2014-09-12 13:44:53', '0000-00-00 00:00:00', '0000-00-00 00:00:00', '', '', 'sembunyikan', 'sembunyikan', '', ''),
(1761, '16995', '5d21263560dafaaf303e72c3ea33208f', 'Siswa', 'aktif', 0, '', '0000-00-00 00:00:00', '0000-00-00 00:00:00', 'Christian Widjaja', '', 'sembunyikan', 'sembunyikan', '', ''),
(1760, '16991', '84c4f0b0bf96a0cd9082433e88811703', 'Siswa', 'aktif', 0, '', '0000-00-00 00:00:00', '0000-00-00 00:00:00', 'Chelsea Pranoto', '', 'sembunyikan', 'sembunyikan', '', ''),
(1759, '16988', '1f49216e5390c53da48b0e5a77a5c48c', 'Siswa', 'aktif', 0, '', '0000-00-00 00:00:00', '0000-00-00 00:00:00', 'Catharine Mitchelly ', '', 'sembunyikan', 'sembunyikan', '', ''),
(1758, '16979', 'be0cd90e56b967892768ed6f52cf9e7b', 'Siswa', 'aktif', 0, '', '0000-00-00 00:00:00', '0000-00-00 00:00:00', 'Benyamin Paskahlis Setiawan', '', 'sembunyikan', 'sembunyikan', '', ''),
(1757, '16966', 'bb2825b78d37fef9ecabb1b91a8a6b88', 'Siswa', 'aktif', 0, '', '0000-00-00 00:00:00', '0000-00-00 00:00:00', 'Anthony Christanto', '', 'sembunyikan', 'sembunyikan', '', ''),
(1756, '16961', 'b8d889c4e9b34bc7dc7a93a2a9a91070', 'Siswa', 'aktif', 0, '', '0000-00-00 00:00:00', '0000-00-00 00:00:00', 'Angela Virginia Mulyono', '', 'sembunyikan', 'sembunyikan', '', ''),
(1755, '16960', 'e3c87529e817b9f8468c02ee8c81ed89', 'Siswa', 'aktif', 0, '', '0000-00-00 00:00:00', '0000-00-00 00:00:00', 'Andri Gunawan', '', 'sembunyikan', 'sembunyikan', '', ''),
(1754, '16958', '7f6d50e3bd910613453258dbfa30521d', 'Siswa', 'aktif', 0, '', '0000-00-00 00:00:00', '0000-00-00 00:00:00', 'Andrew Louis Cahyadi', '', 'sembunyikan', 'sembunyikan', '', ''),
(1753, '16949', '2485d846dc142c8056986d6b551f5486', 'Siswa', 'aktif', 0, '', '0000-00-00 00:00:00', '0000-00-00 00:00:00', 'Alvin Tandianto', '', 'sembunyikan', 'sembunyikan', '', ''),
(1752, '16942', '74d3b2328adadbd5c9740b050d0a333c', 'Siswa', 'aktif', 0, '', '0000-00-00 00:00:00', '0000-00-00 00:00:00', 'Alexander Diga Simamora', '', 'sembunyikan', 'sembunyikan', '', ''),
(1743, '17560', '97194d08565841c08a6d1ce3c82da0b3', 'Siswa', 'aktif', 0, '', '0000-00-00 00:00:00', '0000-00-00 00:00:00', 'Samuel Calvin Hasiando Sinaga', '', 'sembunyikan', 'sembunyikan', '', ''),
(1742, '17553', 'd7c6beba6c2283f4ef1e8cc43783f320', 'Siswa', 'aktif', 0, '', '0000-00-00 00:00:00', '0000-00-00 00:00:00', 'Rizky Ryan Kurniawan', '', 'sembunyikan', 'sembunyikan', '', ''),
(135, 'muchid', '1cdb7fba6d87a21fe06e462518536197', 'Guru', 'aktif', 0, '2015-10-27 08:12:53', '0000-00-00 00:00:00', '0000-00-00 00:00:00', 'Muchid Hermanto, S.SI', 'muchid.jpg', 'sembunyikan', 'sembunyikan', 'asd@asd.com', ''),
(1379, 'hans', 'f2a0ffe83ec8d44f2be4b624b0f47dde', 'Guru', 'aktif', 0, '2015-08-11 12:44:09', '0000-00-00 00:00:00', '0000-00-00 00:00:00', 'Hans Kristian W., S.Kom', 'hans.jpg', 'sembunyikan', 'sembunyikan', '', ''),
(1385, '17270', '1c95ee9c76a4fb9258cb07573752bef7', 'Siswa', 'aktif', 0, '', '0000-00-00 00:00:00', '0000-00-00 00:00:00', 'Alexander Krisnayodi', '', 'sembunyikan', 'sembunyikan', '', ''),
(1386, '17276', 'f3a493fb0b6dc6357b9d89d6bdc1f2af', 'Siswa', 'aktif', 0, '', '0000-00-00 00:00:00', '0000-00-00 00:00:00', 'Alvin Christopher', '', 'sembunyikan', 'sembunyikan', '', ''),
(1387, '17283', '062a781089e948d29ba79b89499a1120', 'Siswa', 'aktif', 0, '', '0000-00-00 00:00:00', '0000-00-00 00:00:00', 'Andi Livianto Halim', '', 'sembunyikan', 'sembunyikan', '', ''),
(1388, '17292', 'eb82580b24533db0ec12038c3c2156a3', 'Siswa', 'aktif', 0, '', '0000-00-00 00:00:00', '0000-00-00 00:00:00', 'Angelo Alexander', '', 'sembunyikan', 'sembunyikan', '', ''),
(1389, '17294', '9d223e2d11d76ac6197ba7f4018bf006', 'Siswa', 'aktif', 0, '', '0000-00-00 00:00:00', '0000-00-00 00:00:00', 'Angga Yuristian', '', 'sembunyikan', 'sembunyikan', '', ''),
(1390, '17296', '2e6167426b4b6a4c272e01676d5df893', 'Siswa', 'aktif', 0, '', '0000-00-00 00:00:00', '0000-00-00 00:00:00', 'Anggraen Sekar Langit', '', 'sembunyikan', 'sembunyikan', '', ''),
(1391, '17341', 'c9dcf2529a5f4bf66234540fbe60b74e', 'Siswa', 'aktif', 0, '', '0000-00-00 00:00:00', '0000-00-00 00:00:00', 'Cornelius Bryan Djaya Kusuma', '', 'sembunyikan', 'sembunyikan', '', ''),
(1392, '17356', '747579165776fe1ba349237464ae0eed', 'Siswa', 'aktif', 0, '', '0000-00-00 00:00:00', '0000-00-00 00:00:00', 'Diva Claudia Willyan', '', 'sembunyikan', 'sembunyikan', '', ''),
(1393, '17363', '27324bfa32fc43f34ea23a2b279c4992', 'Siswa', 'aktif', 0, '', '0000-00-00 00:00:00', '0000-00-00 00:00:00', 'Ellen Angelina', '', 'sembunyikan', 'sembunyikan', '', ''),
(1394, '17369', '7c5feb07041100d3cf5e2e86613f8d87', 'Siswa', 'aktif', 0, '', '0000-00-00 00:00:00', '0000-00-00 00:00:00', 'Enrico', '', 'sembunyikan', 'sembunyikan', '', ''),
(1395, '17373', 'c64551a1336990e09f18dcad9a46fa52', 'Siswa', 'aktif', 0, '', '0000-00-00 00:00:00', '0000-00-00 00:00:00', 'Ervina Veronica', '', 'sembunyikan', 'sembunyikan', '', ''),
(1396, '17379', '940af5b63a832bd68ebbc70ee0fe22fe', 'Siswa', 'aktif', 0, '', '0000-00-00 00:00:00', '0000-00-00 00:00:00', 'Feilycia Soedrajad', '', 'sembunyikan', 'sembunyikan', '', ''),
(1397, '17383', '6dce2d065c96e556331c1407a7491c7d', 'Siswa', 'aktif', 0, '', '0000-00-00 00:00:00', '0000-00-00 00:00:00', 'Felicya Christina Wijaya', '', 'sembunyikan', 'sembunyikan', '', ''),
(1398, '17386', '6c94aac00434f75e46fec31a10de2c0e', 'Siswa', 'aktif', 0, '', '0000-00-00 00:00:00', '0000-00-00 00:00:00', 'Felix Hartanto', '', 'sembunyikan', 'sembunyikan', '', ''),
(1399, '17419', '08780eb9b58091a2d4b81a1af602b617', 'Siswa', 'aktif', 0, '', '0000-00-00 00:00:00', '0000-00-00 00:00:00', 'Gregorius Melvin Widjaja Tjitro', '', 'sembunyikan', 'sembunyikan', '', ''),
(1400, '17437', '2d3bd33aee1c465d1234e70714324850', 'Siswa', 'aktif', 0, '', '0000-00-00 00:00:00', '0000-00-00 00:00:00', 'Irene Carolina', '', 'sembunyikan', 'sembunyikan', '', ''),
(1401, '17442', '11ab8d1653073d047c16ede5947fc64d', 'Siswa', 'aktif', 0, '', '0000-00-00 00:00:00', '0000-00-00 00:00:00', 'Jenissca Hendrawan', '', 'sembunyikan', 'sembunyikan', '', ''),
(1402, '17462', '39da688fbab76d0a5e1f64ddb803ad37', 'Siswa', 'aktif', 0, '', '0000-00-00 00:00:00', '0000-00-00 00:00:00', 'Kevin Halim', '', 'sembunyikan', 'sembunyikan', '', ''),
(1403, '17467', '0f29370d9da664c1e143182f37301063', 'Siswa', 'aktif', 0, '', '0000-00-00 00:00:00', '0000-00-00 00:00:00', 'Kezia Fidelia', '', 'sembunyikan', 'sembunyikan', '', ''),
(1404, '17469', '058d732557d3b439eb2ffdd074bbf347', 'Siswa', 'aktif', 0, '', '0000-00-00 00:00:00', '0000-00-00 00:00:00', 'Kimberly Aprilia Harianto', '', 'sembunyikan', 'sembunyikan', '', ''),
(1405, '17519', '18da25209752bcfe63457d81b0865f31', 'Siswa', 'aktif', 0, '', '0000-00-00 00:00:00', '0000-00-00 00:00:00', 'Michelle Elvira', '', 'sembunyikan', 'sembunyikan', '', ''),
(1406, '17534', '27e9efa7a852bcaa4d9fe0791d2d37b1', 'Siswa', 'aktif', 0, '', '0000-00-00 00:00:00', '0000-00-00 00:00:00', 'Olivia Michaela', '', 'sembunyikan', 'sembunyikan', '', ''),
(1407, '17538', 'ba01baa4856d494a66a0d5eca39f5418', 'Siswa', 'aktif', 0, '', '0000-00-00 00:00:00', '0000-00-00 00:00:00', 'Patricia Khantijaya Lindarto', '', 'sembunyikan', 'sembunyikan', '', ''),
(1408, '17542', 'e46060ebe60134e00b6c6bbcfe77e1f6', 'Siswa', 'aktif', 0, '', '0000-00-00 00:00:00', '0000-00-00 00:00:00', 'Queeny Alexandra', '', 'sembunyikan', 'sembunyikan', '', ''),
(1409, '17559', '6efd23ca96571c0b369cf7286650e9b8', 'Siswa', 'aktif', 0, '', '0000-00-00 00:00:00', '0000-00-00 00:00:00', 'Ryo Alvin Suritiono', '', 'sembunyikan', 'sembunyikan', '', ''),
(1410, '17565', '14edc6ebfdae2e23bbed83d67f50e983', 'Siswa', 'aktif', 0, '', '0000-00-00 00:00:00', '0000-00-00 00:00:00', 'Sherly Leonardo', '', 'sembunyikan', 'sembunyikan', '', ''),
(1411, '17566', 'ccf496c9b493d05362e3b602d69775c0', 'Siswa', 'aktif', 0, '', '0000-00-00 00:00:00', '0000-00-00 00:00:00', 'Sherly Widyawati', '', 'sembunyikan', 'sembunyikan', '', ''),
(1412, '17583', 'ebda20d540b40dac77b3b49b59414c87', 'Siswa', 'aktif', 0, '', '0000-00-00 00:00:00', '0000-00-00 00:00:00', 'Steven Febrianto Goenawan', '', 'sembunyikan', 'sembunyikan', '', ''),
(1413, '17585', 'ee49fef85e1bed67b9f530391b9c74d9', 'Siswa', 'aktif', 0, '', '0000-00-00 00:00:00', '0000-00-00 00:00:00', 'Steven Lie', '', 'sembunyikan', 'sembunyikan', '', ''),
(1414, '17588', 'b6d1a7cca965983d426be9f927e1eb4d', 'Siswa', 'aktif', 0, '', '0000-00-00 00:00:00', '0000-00-00 00:00:00', 'Tan Tau Siang', '', 'sembunyikan', 'sembunyikan', '', ''),
(1415, '17618', '4d0af9bcb5b94383c62c98c3ba3e6613', 'Siswa', 'aktif', 0, '', '0000-00-00 00:00:00', '0000-00-00 00:00:00', 'Vivian', '', 'sembunyikan', 'sembunyikan', '', ''),
(1416, '17628', '60aaa4b2fc3fcf6a41c454149ab76592', 'Siswa', 'aktif', 0, '', '0000-00-00 00:00:00', '0000-00-00 00:00:00', 'William Tandio Putra', '', 'sembunyikan', 'sembunyikan', '', ''),
(1417, '17284', '21ebe39bb45d76e5c3b4d7e86a9f134e', 'Siswa', 'aktif', 0, '', '0000-00-00 00:00:00', '0000-00-00 00:00:00', 'Andre Gunawan', '', 'sembunyikan', 'sembunyikan', '', ''),
(1418, '17289', 'ca5d8d0bc3e1a9613976fe2e4adf5649', 'Siswa', 'aktif', 0, '', '0000-00-00 00:00:00', '0000-00-00 00:00:00', 'Andrew Limorita', '', 'sembunyikan', 'sembunyikan', '', ''),
(1419, '17291', '94263e205faec4311b1859acceeafe26', 'Siswa', 'aktif', 0, '', '0000-00-00 00:00:00', '0000-00-00 00:00:00', 'Angela Nathania', '', 'sembunyikan', 'sembunyikan', '', ''),
(1420, '17293', '62ab12646d5ee17a595a43b59f2523d1', 'Siswa', 'aktif', 0, '', '0000-00-00 00:00:00', '0000-00-00 00:00:00', 'Angga Satria Nugraha Sugeng', '', 'sembunyikan', 'sembunyikan', '', ''),
(1421, '17301', 'b3f25f67fa7662dec75e006a97770e6c', 'Siswa', 'aktif', 0, '', '0000-00-00 00:00:00', '0000-00-00 00:00:00', 'Antonius Johan Suyanto', '', 'sembunyikan', 'sembunyikan', '', ''),
(1422, '17314', '571e4d938fce895f659315a68998b3f9', 'Siswa', 'aktif', 0, '', '0000-00-00 00:00:00', '0000-00-00 00:00:00', 'Billy Prasetio', '', 'sembunyikan', 'sembunyikan', '', ''),
(1423, '17335', 'a6a506d4c5f267df973e248bb91942c0', 'Siswa', 'aktif', 0, '', '0000-00-00 00:00:00', '0000-00-00 00:00:00', 'Christy Cayadi', '', 'sembunyikan', 'sembunyikan', '', ''),
(1424, '17337', 'b6666c8880a656847a6b36e85cccfd71', 'Siswa', 'aktif', 0, '', '0000-00-00 00:00:00', '0000-00-00 00:00:00', 'Citra Kharisma Dewi', '', 'sembunyikan', 'sembunyikan', '', ''),
(1741, '17549', '03e696f87d7c24d74e62fd51b81a7140', 'Siswa', 'aktif', 0, '', '0000-00-00 00:00:00', '0000-00-00 00:00:00', 'Richard Gunawan', '', 'sembunyikan', 'sembunyikan', '', ''),
(1740, '17540', '37880b7c09d459ce0691aa834cb6e286', 'Siswa', 'aktif', 0, '', '0000-00-00 00:00:00', '0000-00-00 00:00:00', 'Patrick Hartono', '', 'sembunyikan', 'sembunyikan', '', ''),
(1737, '17505', '6fe172670a333242920fc5dbf5e5c6a5', 'Siswa', 'aktif', 0, '', '0000-00-00 00:00:00', '0000-00-00 00:00:00', 'Melissa Marvella', '', 'sembunyikan', 'sembunyikan', '', ''),
(1738, '17524', '6f75e53f7550af83f27709d87ab7ab43', 'Siswa', 'aktif', 0, '', '0000-00-00 00:00:00', '0000-00-00 00:00:00', 'Monica Gabriel Widiyowati', '', 'sembunyikan', 'sembunyikan', '', ''),
(1739, '17528', 'c7f7f308ee310f29336ab9d0f2af9a10', 'Siswa', 'aktif', 0, '', '0000-00-00 00:00:00', '0000-00-00 00:00:00', 'Nicholas Limdianda', '', 'sembunyikan', 'sembunyikan', '', ''),
(1751, '16939', '50bb9595eb8bc365ba5e12c0d6e47b60', 'Siswa', 'aktif', 0, '', '0000-00-00 00:00:00', '0000-00-00 00:00:00', 'Albert Tribudi Loekman', '', 'sembunyikan', 'sembunyikan', '', ''),
(1750, '16934', 'f861aa27e08ead5195342b2412f525f4', 'Siswa', 'aktif', 0, '', '0000-00-00 00:00:00', '0000-00-00 00:00:00', 'Adythia Setiawan Samsuni', '', 'sembunyikan', 'sembunyikan', '', ''),
(1749, '17641', 'e49d6912cc703f6e84c19a3a58492b9f', 'Siswa', 'aktif', 0, '', '0000-00-00 00:00:00', '0000-00-00 00:00:00', 'Yongki Tanumiharjo', '', 'sembunyikan', 'sembunyikan', '', ''),
(1744, '17567', 'bb7b76330e286eb5f158ff2fd3d82d5d', 'Siswa', 'aktif', 0, '', '0000-00-00 00:00:00', '0000-00-00 00:00:00', 'Sheron Tania Besouw', '', 'sembunyikan', 'sembunyikan', '', ''),
(1745, '17571', 'c0aa6afda9e17aea0a32959bdf142439', 'Siswa', 'aktif', 0, '', '0000-00-00 00:00:00', '0000-00-00 00:00:00', 'Stefanie Angeline Gunarto', '', 'sembunyikan', 'sembunyikan', '', ''),
(1746, '17612', 'd24d56c57e0ef80faefa1aa30b38b4d0', 'Siswa', 'aktif', 0, '', '0000-00-00 00:00:00', '0000-00-00 00:00:00', 'Vincensius Steven Vianaldo Purnomo', '', 'sembunyikan', 'sembunyikan', '', ''),
(1747, '17616', 'fafb6206d62f162cb7ba58187fd7d32c', 'Siswa', 'aktif', 0, '', '0000-00-00 00:00:00', '0000-00-00 00:00:00', 'Vincentius Marco Gosal', '', 'sembunyikan', 'sembunyikan', '', ''),
(1748, '17631', '3e33f40836bd425bbdf92b71cc707cee', 'Siswa', 'aktif', 0, '', '0000-00-00 00:00:00', '0000-00-00 00:00:00', 'Yemima Lidya Veronica', '', 'sembunyikan', 'sembunyikan', '', ''),
(1787, '17236', 'e27455a76961ba5843915685a2a1f90d', 'Siswa', 'aktif', 0, '', '0000-00-00 00:00:00', '0000-00-00 00:00:00', 'Wendy Supandi', '', 'sembunyikan', 'sembunyikan', '', ''),
(1786, '17231', 'a9b67cca413479cd258a8b3687aa693e', 'Siswa', 'aktif', 0, '', '0000-00-00 00:00:00', '0000-00-00 00:00:00', 'Vincentius Calvin Rahul Hertanto', '', 'sembunyikan', 'sembunyikan', '', ''),
(1785, '17221', 'bbd24387cfc440ae2aa2a88ae96a4a79', 'Siswa', 'aktif', 0, '', '0000-00-00 00:00:00', '0000-00-00 00:00:00', 'Vanessa', '', 'sembunyikan', 'sembunyikan', '', ''),
(1784, '17209', '42b58d52344b20312a876e0bfbe95abb', 'Siswa', 'aktif', 0, '', '0000-00-00 00:00:00', '0000-00-00 00:00:00', 'Steven Chandra', '', 'sembunyikan', 'sembunyikan', '', ''),
(1783, '17204', '559269b636448e707b934d2e19a15af8', 'Siswa', 'aktif', 0, '', '0000-00-00 00:00:00', '0000-00-00 00:00:00', 'Stefani Catherine', '', 'sembunyikan', 'sembunyikan', '', ''),
(1782, '17196', 'b40a13d4ebea2ec3499f265928cac1d8', 'Siswa', 'aktif', 0, '', '0000-00-00 00:00:00', '0000-00-00 00:00:00', 'Sandy Cahya Utama', '', 'sembunyikan', 'sembunyikan', '', ''),
(1781, '17190', 'bfc54cb12ac9731eea182845891e6cc8', 'Siswa', 'aktif', 0, '', '0000-00-00 00:00:00', '0000-00-00 00:00:00', 'RM Ivan Indrakusuma', '', 'sembunyikan', 'sembunyikan', '', ''),
(1780, '17174', '2d0d322f5fec1cda1b8b4c0020d61c37', 'Siswa', 'aktif', 0, '', '0000-00-00 00:00:00', '0000-00-00 00:00:00', 'Patrick Frederico Florendennis Nara', '', 'sembunyikan', 'sembunyikan', '', ''),
(1779, '17171', 'ffb04b3fde58882155c0f560b7e20bea', 'Siswa', 'aktif', 0, '', '0000-00-00 00:00:00', '0000-00-00 00:00:00', 'Pamela Laurensia Angelica', '', 'sembunyikan', 'sembunyikan', '', ''),
(1778, '17152', 'c7cd4536abacd24976a94ce7e5e10939', 'Siswa', 'aktif', 0, '', '0000-00-00 00:00:00', '0000-00-00 00:00:00', 'Michelle Angelyn Tjhendrawan', '', 'sembunyikan', 'sembunyikan', '', ''),
(1777, '17142', '87effb6f33e6ac45a1e8b7a834578ac6', 'Siswa', 'aktif', 0, '', '0000-00-00 00:00:00', '0000-00-00 00:00:00', 'Mary Grace Kleriana Senia', '', 'sembunyikan', 'sembunyikan', '', ''),
(1776, '17127', '369b35ac15709446de9ac5eac1ce9d9c', 'Siswa', 'aktif', 0, '', '0000-00-00 00:00:00', '0000-00-00 00:00:00', 'Liana Terisno', '', 'sembunyikan', 'sembunyikan', '', ''),
(1775, '17126', '788c01c6dd0e1aa7704002267d68ea90', 'Siswa', 'aktif', 0, '', '0000-00-00 00:00:00', '0000-00-00 00:00:00', 'Levina Amelia', '', 'sembunyikan', 'sembunyikan', '', ''),
(1774, '17125', 'a4ad68f61b704a2073c3952bc5ceb1c8', 'Siswa', 'aktif', 0, '', '0000-00-00 00:00:00', '0000-00-00 00:00:00', 'Leony Evanjelista Ramba', '', 'sembunyikan', 'sembunyikan', '', ''),
(1773, '17112', '633f6a54399fd8745558c6f9f6a2f9f1', 'Siswa', 'aktif', 0, '', '0000-00-00 00:00:00', '0000-00-00 00:00:00', 'Kevin Martchelino Pratama', '', 'sembunyikan', 'sembunyikan', '', ''),
(1772, '17098', 'c0e1fac1b114b4cfb6d3620c429de433', 'Siswa', 'aktif', 0, '', '0000-00-00 00:00:00', '0000-00-00 00:00:00', 'Joshua Rafael ', '', 'sembunyikan', 'sembunyikan', '', ''),
(1771, '17096', 'a48e7b44459db0d45821d5bc6dc1c5ce', 'Siswa', 'aktif', 0, '', '0000-00-00 00:00:00', '0000-00-00 00:00:00', 'Jonathan Felix Hartanto', '', 'sembunyikan', 'sembunyikan', '', ''),
(1770, '17069', '460c9b5698f98c052062fd25e2b2f6de', 'Siswa', 'aktif', 0, '', '0000-00-00 00:00:00', '0000-00-00 00:00:00', 'Hilmy Teguh Wijaya', '', 'sembunyikan', 'sembunyikan', '', ''),
(1769, '17062', '7856b5ed39600c48efbf2e40576e1345', 'Siswa', 'aktif', 0, '', '0000-00-00 00:00:00', '0000-00-00 00:00:00', 'Hans Christian', '', 'sembunyikan', 'sembunyikan', '', ''),
(1768, '17059', '2d6c3e4023165b5a99515b9bf87cb41d', 'Siswa', 'aktif', 0, '', '0000-00-00 00:00:00', '0000-00-00 00:00:00', 'Gracia Widjaja', '', 'sembunyikan', 'sembunyikan', '', ''),
(1765, '17046', 'db90e948252c7d1753efe6fc9612dabe', 'Siswa', 'aktif', 0, '', '0000-00-00 00:00:00', '0000-00-00 00:00:00', 'Florencia Irena Shetiawan', '', 'sembunyikan', 'sembunyikan', '', ''),
(1766, '17050', '9aeadabd8172e574de598c611e410eed', 'Siswa', 'aktif', 0, '', '0000-00-00 00:00:00', '0000-00-00 00:00:00', 'Gidion Septian Kurniawan ', '', 'sembunyikan', 'sembunyikan', '', ''),
(1767, '17056', '2f834c6dc78805618e628fa9f02a39e4', 'Siswa', 'aktif', 0, '', '0000-00-00 00:00:00', '0000-00-00 00:00:00', 'Grace Felicia', '', 'sembunyikan', 'sembunyikan', '', ''),
(1808, '17129', 'ef7141e5a52641b0941128fcbbde8a27', 'Siswa', 'aktif', 0, '', '0000-00-00 00:00:00', '0000-00-00 00:00:00', 'Livia Aurellia', '', 'sembunyikan', 'sembunyikan', '', ''),
(1807, '17119', 'bf65f07beaf1780ac1cf7dcf51cc8bfc', 'Siswa', 'aktif', 0, '', '0000-00-00 00:00:00', '0000-00-00 00:00:00', 'Kezia Ignasius', '', 'sembunyikan', 'sembunyikan', '', ''),
(1806, '17114', '6644fa94782af6fb1d0b7e7d09f19804', 'Siswa', 'aktif', 0, '', '0000-00-00 00:00:00', '0000-00-00 00:00:00', 'Kenneth Widjaya', '', 'sembunyikan', 'sembunyikan', '', ''),
(1805, '17104', 'c994a9b0029e3f2dab7cdd694cb2f47b', 'Siswa', 'aktif', 0, '', '0000-00-00 00:00:00', '0000-00-00 00:00:00', 'Julio Loenardi', '', 'sembunyikan', 'sembunyikan', '', ''),
(1804, '17082', '73d9af291fe22cb9f226bbd9a6df781b', 'Siswa', 'aktif', 0, '', '0000-00-00 00:00:00', '0000-00-00 00:00:00', 'Jeane Angelica Yulianadi Susanto', '', 'sembunyikan', 'sembunyikan', '', ''),
(1803, '17076', 'eadc317f2764a00bec1b729a56321cd3', 'Siswa', 'aktif', 0, '', '0000-00-00 00:00:00', '0000-00-00 00:00:00', 'Isaura Desianage', '', 'sembunyikan', 'sembunyikan', '', ''),
(1802, '17075', '6018b060f25866be75165c45a66ae3c6', 'Siswa', 'aktif', 0, '', '0000-00-00 00:00:00', '0000-00-00 00:00:00', 'Indra Laksana ', '', 'sembunyikan', 'sembunyikan', '', ''),
(1801, '17065', '2631f2f74cfaf1f994552c0316f5e220', 'Siswa', 'aktif', 0, '', '0000-00-00 00:00:00', '0000-00-00 00:00:00', 'Helena Tipawael', '', 'sembunyikan', 'sembunyikan', '', ''),
(1800, '17060', '9f8f593af6b09a7d68c36ed5a2a56b3e', 'Siswa', 'aktif', 0, '', '0000-00-00 00:00:00', '0000-00-00 00:00:00', 'Gregorius Andrew Ang', '', 'sembunyikan', 'sembunyikan', '', ''),
(1799, '17049', 'f9c8cde98a8d6dfda2273e26fedaeda8', 'Siswa', 'aktif', 0, '', '0000-00-00 00:00:00', '0000-00-00 00:00:00', 'Gevi Ardiansyach Priambodo Patut', '', 'sembunyikan', 'sembunyikan', '', ''),
(1798, '17037', '5739286cebed3495484f106535d1932a', 'Siswa', 'aktif', 0, '', '0000-00-00 00:00:00', '0000-00-00 00:00:00', 'Felina Sutanto', '', 'sembunyikan', 'sembunyikan', '', ''),
(1797, '17035', '58ef9df15219a07d73b176b3e664d735', 'Siswa', 'aktif', 0, '', '0000-00-00 00:00:00', '0000-00-00 00:00:00', 'Felia Natasha Wangsadinata', '', 'sembunyikan', 'sembunyikan', '', ''),
(1796, '17032', '02921182231b86367ac80f0a6cfcb901', 'Siswa', 'aktif', 0, '', '0000-00-00 00:00:00', '0000-00-00 00:00:00', 'Faustavita', '', 'sembunyikan', 'sembunyikan', '', ''),
(1795, '17017', 'a3444e049a3a88560cba360c18001932', 'Siswa', 'aktif', 0, '', '0000-00-00 00:00:00', '0000-00-00 00:00:00', 'Efraim Calvin Gabriel', '', 'sembunyikan', 'sembunyikan', '', ''),
(1794, '17003', '020f6fecd026539260779d34aa1a6944', 'Siswa', 'aktif', 0, '', '0000-00-00 00:00:00', '0000-00-00 00:00:00', 'Cornelia Alverina', '', 'sembunyikan', 'sembunyikan', '', ''),
(1793, '17000', 'b1d4b6452378d64ccbfe7f20fca7843c', 'Siswa', 'aktif', 0, '', '0000-00-00 00:00:00', '0000-00-00 00:00:00', 'Cindy Permata Tedjo ', '', 'sembunyikan', 'sembunyikan', '', ''),
(1792, '16993', 'c5f31ecf4111f3bbfa2b36f851379d6e', 'Siswa', 'aktif', 0, '', '0000-00-00 00:00:00', '0000-00-00 00:00:00', 'Christanto Henadi', '', 'sembunyikan', 'sembunyikan', '', ''),
(1791, '16992', 'b025801b78399a165d40f04c78399463', 'Siswa', 'aktif', 0, '', '0000-00-00 00:00:00', '0000-00-00 00:00:00', 'Chika Aprilia Osaka', '', 'sembunyikan', 'sembunyikan', '', ''),
(1790, '16989', '634b9206656831123c8782279320a0a5', 'Siswa', 'aktif', 0, '', '0000-00-00 00:00:00', '0000-00-00 00:00:00', 'Chelsea Christopher Oslan', '', 'sembunyikan', 'sembunyikan', '', ''),
(1789, '16965', '4d1d732a3fd7efdacb4b26a0ca945eba', 'Siswa', 'aktif', 0, '', '0000-00-00 00:00:00', '0000-00-00 00:00:00', 'Antania Candra Gunawan', '', 'sembunyikan', 'sembunyikan', '', ''),
(1788, '17239', 'e21a9897fafe76b364f7cfe5e954b51c', 'Siswa', 'aktif', 0, '', '0000-00-00 00:00:00', '0000-00-00 00:00:00', 'William Dendy Lesmono', '', 'sembunyikan', 'sembunyikan', '', ''),
(1728, '17427', '1823bc0e5e11ba2f4d521940e45d0be4', 'Siswa', 'aktif', 0, '', '0000-00-00 00:00:00', '0000-00-00 00:00:00', 'Hilda Lukito', '', 'sembunyikan', 'sembunyikan', '', ''),
(1729, '17438', '52fe8f09c95a49a4c296c735c32c8678', 'Siswa', 'aktif', 0, '', '0000-00-00 00:00:00', '0000-00-00 00:00:00', 'Ivena Aurellia Gunawan', '', 'sembunyikan', 'sembunyikan', '', ''),
(1730, '17440', 'df8a6aa94e8b9dafafb2761be5c197c5', 'Siswa', 'aktif', 0, '', '0000-00-00 00:00:00', '0000-00-00 00:00:00', 'Jacqueline Vivi Gunawan', '', 'sembunyikan', 'sembunyikan', '', ''),
(1731, '17446', '1a00d3d0d22df253d3cee0a109084dad', 'Siswa', 'aktif', 0, '', '0000-00-00 00:00:00', '0000-00-00 00:00:00', 'Jessica Christian', '', 'sembunyikan', 'sembunyikan', '', ''),
(1732, '17451', 'c83f9d8520b9f5777d146d9e0c4ceaaf', 'Siswa', 'aktif', 0, '', '0000-00-00 00:00:00', '0000-00-00 00:00:00', 'Johanes Teddy Gunawan', '', 'sembunyikan', 'sembunyikan', '', ''),
(1733, '17482', '7228352c63a595de9f77d32037c3e350', 'Siswa', 'aktif', 0, '', '0000-00-00 00:00:00', '0000-00-00 00:00:00', 'Lidya Yonatan', '', 'sembunyikan', 'sembunyikan', '', ''),
(1734, '17485', '4898db26f9e2d470f0d9931c4fc7b901', 'Siswa', 'aktif', 0, '', '0000-00-00 00:00:00', '0000-00-00 00:00:00', 'Louisa de Marrilac Arianto', '', 'sembunyikan', 'sembunyikan', '', ''),
(1735, '17490', 'd222914df5cdfd8a9196059965eaa352', 'Siswa', 'aktif', 0, '', '0000-00-00 00:00:00', '0000-00-00 00:00:00', 'Luist Yansen', '', 'sembunyikan', 'sembunyikan', '', ''),
(1736, '17501', '7ffb18ac57148c50370b1e15a0157af9', 'Siswa', 'aktif', 0, '', '0000-00-00 00:00:00', '0000-00-00 00:00:00', 'Maximilian Arthur Ardi Prakoso', '', 'sembunyikan', 'sembunyikan', '', ''),
(1833, '16975', '3dd6cfec510eae9cb9951c5099c97701', 'Siswa', 'aktif', 0, '', '0000-00-00 00:00:00', '0000-00-00 00:00:00', 'Beatrice ', '', 'sembunyikan', 'sembunyikan', '', ''),
(1832, '16974', 'd2674b94792c7f0afc26b56eabc95b30', 'Siswa', 'aktif', 0, '', '0000-00-00 00:00:00', '0000-00-00 00:00:00', 'Bagus Bingharjo', '', 'sembunyikan', 'sembunyikan', '', ''),
(1831, '16971', 'd9beb34eaa1dba01040150173e461bbb', 'Siswa', 'aktif', 0, '', '0000-00-00 00:00:00', '0000-00-00 00:00:00', 'Avellino ', '', 'sembunyikan', 'sembunyikan', '', ''),
(1830, '16943', '79e410fb9488b208773459fa9249205f', 'Siswa', 'aktif', 0, '', '0000-00-00 00:00:00', '0000-00-00 00:00:00', 'Alexander Irwan', '', 'sembunyikan', 'sembunyikan', '', ''),
(1829, '16938', '7e53526fc58a32e5452294826783a54b', 'Siswa', 'aktif', 0, '', '0000-00-00 00:00:00', '0000-00-00 00:00:00', 'Albert Indrawan', '', 'sembunyikan', 'sembunyikan', '', ''),
(1828, '16931', '2d261a6e0cf7a273f9d1ddbb31799a9c', 'Siswa', 'aktif', 0, '', '0000-00-00 00:00:00', '0000-00-00 00:00:00', 'Abior Lintang Biru', '', 'sembunyikan', 'sembunyikan', '', ''),
(1827, '17252', '9b65e5d8db23f28ce17175d1c3907cfc', 'Siswa', 'aktif', 0, '', '0000-00-00 00:00:00', '0000-00-00 00:00:00', 'Zevanya Lovise Margaretha', '', 'sembunyikan', 'sembunyikan', '', ''),
(1826, '17244', 'd36e6dc0e73616d5b48392f1862c3089', 'Siswa', 'aktif', 0, '', '0000-00-00 00:00:00', '0000-00-00 00:00:00', 'Yemima Sutanto', '', 'sembunyikan', 'sembunyikan', '', ''),
(1825, '17241', '33f310507cba3f92ef26e1a311998f5d', 'Siswa', 'aktif', 0, '', '0000-00-00 00:00:00', '0000-00-00 00:00:00', 'Willy Triputra Tantono', '', 'sembunyikan', 'sembunyikan', '', ''),
(1824, '17237', 'fd9d41f212a75b8af57b43a97386c948', 'Siswa', 'aktif', 0, '', '0000-00-00 00:00:00', '0000-00-00 00:00:00', 'Wendyanto William', '', 'sembunyikan', 'sembunyikan', '', ''),
(1823, '17223', 'e4dfee79421423c52617e85ec0a9f9a4', 'Siswa', 'aktif', 0, '', '0000-00-00 00:00:00', '0000-00-00 00:00:00', 'Velina Tariska', '', 'sembunyikan', 'sembunyikan', '', ''),
(1822, '17215', 'f5e0906e0da1a657230cf930de854408', 'Siswa', 'aktif', 0, '', '0000-00-00 00:00:00', '0000-00-00 00:00:00', 'Terrance Seymour Luntungan', '', 'sembunyikan', 'sembunyikan', '', ''),
(1821, '17214', '8d643e95685617e013417f26f7d0f825', 'Siswa', 'aktif', 0, '', '0000-00-00 00:00:00', '0000-00-00 00:00:00', 'Teddie Kurniawan', '', 'sembunyikan', 'sembunyikan', '', ''),
(1820, '17213', 'f0ba46d49fb8aaa73c357600ce574db8', 'Siswa', 'aktif', 0, '', '0000-00-00 00:00:00', '0000-00-00 00:00:00', 'Suharyadi', '', 'sembunyikan', 'sembunyikan', '', ''),
(1819, '17206', '783b5fb3d7ee6f29fffe2dbab0aee24b', 'Siswa', 'aktif', 0, '', '0000-00-00 00:00:00', '0000-00-00 00:00:00', 'Stephanus Susanto', '', 'sembunyikan', 'sembunyikan', '', ''),
(1818, '17203', '2cb2cdcca9bdd55a897d897ac67f7e39', 'Siswa', 'aktif', 0, '', '0000-00-00 00:00:00', '0000-00-00 00:00:00', 'Sidarta Adhi Virya', '', 'sembunyikan', 'sembunyikan', '', ''),
(1817, '17195', '00b4cca849ad2b96d2b193f453785a13', 'Siswa', 'aktif', 0, '', '0000-00-00 00:00:00', '0000-00-00 00:00:00', 'Samuel Suhan Putra', '', 'sembunyikan', 'sembunyikan', '', ''),
(1816, '17185', 'b0b9da81cf357c8884a06de8ef72bea0', 'Siswa', 'aktif', 0, '', '0000-00-00 00:00:00', '0000-00-00 00:00:00', 'Richard Joenathan', '', 'sembunyikan', 'sembunyikan', '', ''),
(1815, '17180', '8f3f311cc38b1c4ec1c8efe173a94845', 'Siswa', 'aktif', 0, '', '0000-00-00 00:00:00', '0000-00-00 00:00:00', 'Renardi Caturiyanto Aifandi', '', 'sembunyikan', 'sembunyikan', '', ''),
(1809, '17134', 'b5cda4dd4e87e6b77a676fc545f325dd', 'Siswa', 'aktif', 0, '', '0000-00-00 00:00:00', '0000-00-00 00:00:00', 'Marchello Michael', '', 'sembunyikan', 'sembunyikan', '', ''),
(1810, '17136', '9bbebcea7798629dd977598d42980e84', 'Siswa', 'aktif', 0, '', '0000-00-00 00:00:00', '0000-00-00 00:00:00', 'Maria Josephine', '', 'sembunyikan', 'sembunyikan', '', ''),
(1811, '17141', '48feffb437c5fead9eac3fe8eca4e8f4', 'Siswa', 'aktif', 0, '', '0000-00-00 00:00:00', '0000-00-00 00:00:00', 'Marvelyn May', '', 'sembunyikan', 'sembunyikan', '', ''),
(1812, '17144', 'ca026717248e3b3915f2b15b38f69de6', 'Siswa', 'aktif', 0, '', '0000-00-00 00:00:00', '0000-00-00 00:00:00', 'Meliana Setiawan', '', 'sembunyikan', 'sembunyikan', '', ''),
(1813, '17145', '8c2c809f0f90fb60826f6fe06add8fe9', 'Siswa', 'aktif', 0, '', '0000-00-00 00:00:00', '0000-00-00 00:00:00', 'Melicia Inzanny Kriswanto', '', 'sembunyikan', 'sembunyikan', '', ''),
(1814, '17175', '0d730fb2cb696e47fbbe4b2054b10de7', 'Siswa', 'aktif', 0, '', '0000-00-00 00:00:00', '0000-00-00 00:00:00', 'Prelina Andri Felancia', '', 'sembunyikan', 'sembunyikan', '', ''),
(1863, '17224', 'd8e786d674ada58984bf0a2e32807381', 'Siswa', 'aktif', 0, '', '0000-00-00 00:00:00', '0000-00-00 00:00:00', 'Venessia Hefiane Soetikno', '', 'sembunyikan', 'sembunyikan', '', ''),
(1862, '17216', '8991c12e821cb8a8d15bdd480f1c4c3f', 'Siswa', 'aktif', 0, '', '0000-00-00 00:00:00', '0000-00-00 00:00:00', 'Tessalonica Febyola Bukidz', '', 'sembunyikan', 'sembunyikan', '', ''),
(1861, '17212', 'a596c69468e85ae53014c825e9079543', 'Siswa', 'aktif', 0, '', '0000-00-00 00:00:00', '0000-00-00 00:00:00', 'Steven Tirto', '', 'sembunyikan', 'sembunyikan', '', ''),
(1860, '17191', '6ce64974339716970bc8d1b81e97c6ea', 'Siswa', 'aktif', 0, '', '0000-00-00 00:00:00', '0000-00-00 00:00:00', 'Robert Kurniawan N.', '', 'sembunyikan', 'sembunyikan', '', ''),
(1859, '17188', 'fa11d41aa48261b2e49b1ee625cf4d03', 'Siswa', 'aktif', 0, '', '0000-00-00 00:00:00', '0000-00-00 00:00:00', 'Rico Timotius Gotama', '', 'sembunyikan', 'sembunyikan', '', ''),
(1858, '17179', '291ebc13dd6538bae3ec7959b8d770dc', 'Siswa', 'aktif', 0, '', '0000-00-00 00:00:00', '0000-00-00 00:00:00', 'Rafael Keavy', '', 'sembunyikan', 'sembunyikan', '', ''),
(1857, '17158', '794a51bb65913debd98f73111705738a', 'Siswa', 'aktif', 0, '', '0000-00-00 00:00:00', '0000-00-00 00:00:00', 'Natalia Engel Berta Eda', '', 'sembunyikan', 'sembunyikan', '', ''),
(1856, '17155', '2572bd363583b4c28b31fcbb15df5837', 'Siswa', 'aktif', 0, '', '0000-00-00 00:00:00', '0000-00-00 00:00:00', 'Michelle Halim', '', 'sembunyikan', 'sembunyikan', '', ''),
(1855, '17151', 'c44cc3a1dafb37ba0bec93b81ee3796a', 'Siswa', 'aktif', 0, '', '0000-00-00 00:00:00', '0000-00-00 00:00:00', 'Michaelfin Andaya Tjahjono', '', 'sembunyikan', 'sembunyikan', '', ''),
(1854, '17140', '283aa4a76808d58cfa74922e2fe228b7', 'Siswa', 'aktif', 0, '', '0000-00-00 00:00:00', '0000-00-00 00:00:00', 'Markus Dirga Susanto', '', 'sembunyikan', 'sembunyikan', '', ''),
(1853, '17131', '0c64b7c951c32ba2449ef04382ae00ef', 'Siswa', 'aktif', 0, '', '0000-00-00 00:00:00', '0000-00-00 00:00:00', 'Lydia Angelia Herman', '', 'sembunyikan', 'sembunyikan', '', ''),
(1852, '17128', '03e2e05daeebab05db85d5aa0a199255', 'Siswa', 'aktif', 0, '', '0000-00-00 00:00:00', '0000-00-00 00:00:00', 'Lisa Puspitasari Santoso', '', 'sembunyikan', 'sembunyikan', '', ''),
(1851, '17121', '579036d9585c651f97a1490a46616132', 'Siswa', 'aktif', 0, '', '0000-00-00 00:00:00', '0000-00-00 00:00:00', 'Laurensia Sherine', '', 'sembunyikan', 'sembunyikan', '', ''),
(1850, '17108', 'a2a7902052d85a18a7b564d8872f1ff6', 'Siswa', 'aktif', 0, '', '0000-00-00 00:00:00', '0000-00-00 00:00:00', 'Karina Feliansa', '', 'sembunyikan', 'sembunyikan', '', ''),
(1849, '17100', '023f12b8e1d9987cc9a497bb7beeb93b', 'Siswa', 'aktif', 0, '', '0000-00-00 00:00:00', '0000-00-00 00:00:00', 'Joshua Winata', '', 'sembunyikan', 'sembunyikan', '', ''),
(1848, '17085', '9a1d39510aeba78469e4c2c1fbceb8dd', 'Siswa', 'aktif', 0, '', '0000-00-00 00:00:00', '0000-00-00 00:00:00', 'Jeremy Vijay Wongso', '', 'sembunyikan', 'sembunyikan', '', ''),
(1847, '17084', '9cadffd77e30ae4576bdeb904445458a', 'Siswa', 'aktif', 0, '', '0000-00-00 00:00:00', '0000-00-00 00:00:00', 'Jennifer Arnetta Angkawidjaja', '', 'sembunyikan', 'sembunyikan', '', ''),
(1846, '17078', '9b3bb5b0a98eab0be3348611b699e3a7', 'Siswa', 'aktif', 0, '', '0000-00-00 00:00:00', '0000-00-00 00:00:00', 'Ivan Sebastian Admaja', '', 'sembunyikan', 'sembunyikan', '', ''),
(1845, '17072', '945e6b1aaf303dfdaf3c13fe0e08c02a', 'Siswa', 'aktif', 0, '', '0000-00-00 00:00:00', '0000-00-00 00:00:00', 'Ike Mariawati ', '', 'sembunyikan', 'sembunyikan', '', ''),
(1844, '17058', '523f43693bfa6c607d2fe43b43ba96fd', 'Siswa', 'aktif', 0, '', '0000-00-00 00:00:00', '0000-00-00 00:00:00', 'Gracia Vita Kurniawan', '', 'sembunyikan', 'sembunyikan', '', ''),
(1843, '17048', '83584fd991eed3055f7b446843f1200e', 'Siswa', 'aktif', 0, '', '0000-00-00 00:00:00', '0000-00-00 00:00:00', 'Georgius Leonardo', '', 'sembunyikan', 'sembunyikan', '', ''),
(1842, '17039', 'b228fef87b3d5a1f8f8f5d8af8a1ea25', 'Siswa', 'aktif', 0, '', '0000-00-00 00:00:00', '0000-00-00 00:00:00', 'Felisia ', '', 'sembunyikan', 'sembunyikan', '', ''),
(1834, '16986', '2851389c12fee533abfa505b4c7551d1', 'Siswa', 'aktif', 0, '', '0000-00-00 00:00:00', '0000-00-00 00:00:00', 'Calvin Ivanko Novara Tannaya', '', 'sembunyikan', 'sembunyikan', '', ''),
(1835, '16994', '53c94cef17f0ee088aca6e081ccc3882', 'Siswa', 'aktif', 0, '', '0000-00-00 00:00:00', '0000-00-00 00:00:00', 'Christian Danny Saputra', '', 'sembunyikan', 'sembunyikan', '', ''),
(1836, '17004', '15727725d8796a98b77975b777e43cb9', 'Siswa', 'aktif', 0, '', '0000-00-00 00:00:00', '0000-00-00 00:00:00', 'Cornelia Angela  Tanaem', '', 'sembunyikan', 'sembunyikan', '', ''),
(1837, '17010', '1345df26413e5a97ce4bddd35cad74b8', 'Siswa', 'aktif', 0, '', '0000-00-00 00:00:00', '0000-00-00 00:00:00', 'Dave Dwantara Chandra', '', 'sembunyikan', 'sembunyikan', '', ''),
(1838, '17012', '1780e9ba97e0174d231898c0bbfe79b5', 'Siswa', 'aktif', 0, '', '0000-00-00 00:00:00', '0000-00-00 00:00:00', 'Deni Witono', '', 'sembunyikan', 'sembunyikan', '', ''),
(1839, '17021', '3418782f19ba5d9a4e992474eb65d250', 'Siswa', 'aktif', 0, '', '0000-00-00 00:00:00', '0000-00-00 00:00:00', 'Elvina Falencia', '', 'sembunyikan', 'sembunyikan', '', ''),
(1840, '17030', '74d2b98d66f5e375d2ee3a7d9e4e1354', 'Siswa', 'aktif', 0, '', '0000-00-00 00:00:00', '0000-00-00 00:00:00', 'Evelyn', '', 'sembunyikan', 'sembunyikan', '', ''),
(1841, '17031', '9dfe163fd649f3b985fa8efd30a54391', 'Siswa', 'aktif', 0, '', '0000-00-00 00:00:00', '0000-00-00 00:00:00', 'Evelyn Tjiong', '', 'sembunyikan', 'sembunyikan', '', ''),
(1883, '17052', '40ab3567559c1b511cd5f61365aae953', 'Siswa', 'aktif', 0, '', '0000-00-00 00:00:00', '0000-00-00 00:00:00', 'Giovanni Ferdinand Limansantoso', '', 'sembunyikan', 'sembunyikan', '', ''),
(1882, '17042', '9a96179f5027c861921aaa4c88ddcf85', 'Siswa', 'aktif', 0, '', '0000-00-00 00:00:00', '0000-00-00 00:00:00', 'Fellycia', '', 'sembunyikan', 'sembunyikan', '', ''),
(1881, '17040', '9680c4b2639ed223c2793005f0048418', 'Siswa', 'aktif', 0, '', '0000-00-00 00:00:00', '0000-00-00 00:00:00', 'Felix Agustinus Kosasih', '', 'sembunyikan', 'sembunyikan', '', ''),
(1880, '17036', '68ad8922e887bc33e8f1bfd2ba26e6c8', 'Siswa', 'aktif', 0, '', '0000-00-00 00:00:00', '0000-00-00 00:00:00', 'Felia Wellyanto', '', 'sembunyikan', 'sembunyikan', '', ''),
(1879, '17024', '65c0277ea758218c418ef9580692af22', 'Siswa', 'aktif', 0, '', '0000-00-00 00:00:00', '0000-00-00 00:00:00', 'Eric Christian Enggano', '', 'sembunyikan', 'sembunyikan', '', ''),
(1878, '17020', '408ea263486e7815e5e5cce5ee432353', 'Siswa', 'aktif', 0, '', '0000-00-00 00:00:00', '0000-00-00 00:00:00', 'Ellenia', '', 'sembunyikan', 'sembunyikan', '', ''),
(1877, '17016', 'a26e06b13f79d245c0ea522d3a398da0', 'Siswa', 'aktif', 0, '', '0000-00-00 00:00:00', '0000-00-00 00:00:00', 'Edward Christian', '', 'sembunyikan', 'sembunyikan', '', ''),
(1876, '17007', '726bd18c52afc248015dcdbc463c6f85', 'Siswa', 'aktif', 0, '', '0000-00-00 00:00:00', '0000-00-00 00:00:00', 'Daniel Marihot Tambunan', '', 'sembunyikan', 'sembunyikan', '', ''),
(1875, '16998', 'd9e7aeae02fade22d8a268303051be75', 'Siswa', 'aktif', 0, '', '0000-00-00 00:00:00', '0000-00-00 00:00:00', 'Christophorus Daniel ', '', 'sembunyikan', 'sembunyikan', '', ''),
(1874, '16982', '6f663611ec21e8f820b91da1abf9ad1f', 'Siswa', 'aktif', 0, '', '0000-00-00 00:00:00', '0000-00-00 00:00:00', 'Brave Francois Gloriando', '', 'sembunyikan', 'sembunyikan', '', ''),
(1873, '16978', '59186584039c18248c1c4244e7305050', 'Siswa', 'aktif', 0, '', '0000-00-00 00:00:00', '0000-00-00 00:00:00', 'Benedikta Hervina Ariandini', '', 'sembunyikan', 'sembunyikan', '', ''),
(1872, '16973', '88115bc763427b1dcfa06190a8eb1341', 'Siswa', 'aktif', 0, '', '0000-00-00 00:00:00', '0000-00-00 00:00:00', 'Ayusita Dewi Ariani', '', 'sembunyikan', 'sembunyikan', '', ''),
(1871, '16968', '2eeeabb94749b31cb398801cc1cb4e2e', 'Siswa', 'aktif', 0, '', '0000-00-00 00:00:00', '0000-00-00 00:00:00', 'Aprilia Listiyani Utomo', '', 'sembunyikan', 'sembunyikan', '', ''),
(1870, '16959', 'a39911c27bc4f0f6bb476b41c29f4a72', 'Siswa', 'aktif', 0, '', '0000-00-00 00:00:00', '0000-00-00 00:00:00', 'Andrew Stephen', '', 'sembunyikan', 'sembunyikan', '', ''),
(1869, '16951', '74a14dc6be3d469770f53dd3fb93c6c4', 'Siswa', 'aktif', 0, '', '0000-00-00 00:00:00', '0000-00-00 00:00:00', 'Amelia Hartanto', '', 'sembunyikan', 'sembunyikan', '', ''),
(1868, '16937', '9eb1a76b0030a39886609c0f99634cbc', 'Siswa', 'aktif', 0, '', '0000-00-00 00:00:00', '0000-00-00 00:00:00', 'Albert Hugo', '', 'sembunyikan', 'sembunyikan', '', ''),
(1867, '16933', 'afac0bdcb0139e69de4ce27f1c6d352b', 'Siswa', 'aktif', 0, '', '0000-00-00 00:00:00', '0000-00-00 00:00:00', 'Adrian Hartanto', '', 'sembunyikan', 'sembunyikan', '', ''),
(1866, '17251', '27e2f2ca9e925f75d5323afef48703e6', 'Siswa', 'aktif', 0, '', '0000-00-00 00:00:00', '0000-00-00 00:00:00', 'Zeinnanda Wijaya', '', 'sembunyikan', 'sembunyikan', '', ''),
(1865, '17240', 'd87e487d05fcd326aa4ce217a82ec593', 'Siswa', 'aktif', 0, '', '0000-00-00 00:00:00', '0000-00-00 00:00:00', 'William Immanuel Wahyudi', '', 'sembunyikan', 'sembunyikan', '', ''),
(1864, '17230', 'e6baae661f54db3aa1d9f76b2c893882', 'Siswa', 'aktif', 0, '', '0000-00-00 00:00:00', '0000-00-00 00:00:00', 'Vincentius Angga Suhardono', '', 'sembunyikan', 'sembunyikan', '', ''),
(1726, '17413', 'dc35d16f1f21e67c18ea9f1f9c16775a', 'Siswa', 'aktif', 0, '', '0000-00-00 00:00:00', '0000-00-00 00:00:00', 'Grace Priscillia', '', 'sembunyikan', 'sembunyikan', '', ''),
(1727, '17414', 'd54a439ba19be7fe2b18622f6e53587e', 'Siswa', 'aktif', 0, '', '0000-00-00 00:00:00', '0000-00-00 00:00:00', 'Grace Shella Jasiman', '', 'sembunyikan', 'sembunyikan', '', ''),
(1720, '17357', '6063df220a35953787e65276dfa65404', 'Siswa', 'aktif', 0, '', '0000-00-00 00:00:00', '0000-00-00 00:00:00', 'Dylan Sherwood Hanenkang', '', 'sembunyikan', 'sembunyikan', '', ''),
(1721, '17378', '77dbda525242a07339101a7c6ac73495', 'Siswa', 'aktif', 0, '', '0000-00-00 00:00:00', '0000-00-00 00:00:00', 'Evita Nathasya Kathleen Tanujaya', '', 'sembunyikan', 'sembunyikan', '', ''),
(1722, '17382', '003bed21fddc817050c8fa11897fe660', 'Siswa', 'aktif', 0, '', '0000-00-00 00:00:00', '0000-00-00 00:00:00', 'Felicia Irawan', '', 'sembunyikan', 'sembunyikan', '', ''),
(1723, '17387', 'e53fc2424af041d07a7eef5cd8773505', 'Siswa', 'aktif', 0, '', '0000-00-00 00:00:00', '0000-00-00 00:00:00', 'Felix Shan', '', 'sembunyikan', 'sembunyikan', '', ''),
(1724, '17401', '56e1930307652e14afbc3e75b8e54bdd', 'Siswa', 'aktif', 0, '', '0000-00-00 00:00:00', '0000-00-00 00:00:00', 'Fransiskus Rodriggo Johnny', '', 'sembunyikan', 'sembunyikan', '', ''),
(1725, '17404', 'bd0577f200e93dca13d0ceaf3d614ea0', 'Siswa', 'aktif', 0, '', '0000-00-00 00:00:00', '0000-00-00 00:00:00', 'Garald Lee', '', 'sembunyikan', 'sembunyikan', '', ''),
(1909, '16952', '55e0e14567b396c814a22eee053d34cc', 'Siswa', 'aktif', 0, '', '0000-00-00 00:00:00', '0000-00-00 00:00:00', 'Anastasia Angelina', '', 'sembunyikan', 'sembunyikan', '', ''),
(1908, '16946', '1f2013e3dcfa352ca993cc25cc334c10', 'Siswa', 'aktif', 0, '', '0000-00-00 00:00:00', '0000-00-00 00:00:00', 'Allan', '', 'sembunyikan', 'sembunyikan', '', ''),
(1907, '16945', 'eab2156d0c600ceb7e814018273aec86', 'Siswa', 'aktif', 0, '', '0000-00-00 00:00:00', '0000-00-00 00:00:00', 'Alicia Sandra Saskia Putri', '', 'sembunyikan', 'sembunyikan', '', ''),
(1906, '16936', '7c09c2a7d351667d881c5341239f8d8f', 'Siswa', 'aktif', 0, '', '0000-00-00 00:00:00', '0000-00-00 00:00:00', 'Ailleen Puspita Meitriawati', '', 'sembunyikan', 'sembunyikan', '', ''),
(1905, '17243', 'ae196a7aa3d84ff79ea56c1ca54f0332', 'Siswa', 'aktif', 0, '', '0000-00-00 00:00:00', '0000-00-00 00:00:00', 'Yanuar Josua Albert Milano Simanjuntak', '', 'sembunyikan', 'sembunyikan', '', ''),
(1904, '17242', '737a19a70d83c5c3ac2a3bb118a09b2f', 'Siswa', 'aktif', 0, '', '0000-00-00 00:00:00', '0000-00-00 00:00:00', 'Winston Philip', '', 'sembunyikan', 'sembunyikan', '', ''),
(1903, '17226', 'e84b4280c8d229a450fccda70056e127', 'Siswa', 'aktif', 0, '', '0000-00-00 00:00:00', '0000-00-00 00:00:00', 'Vierly Diah Soesanto', '', 'sembunyikan', 'sembunyikan', '', ''),
(1902, '17219', '2b633f01c8bbf2e244298402feaf16e8', 'Siswa', 'aktif', 0, '', '0000-00-00 00:00:00', '0000-00-00 00:00:00', 'Tiffany Sachio', '', 'sembunyikan', 'sembunyikan', '', ''),
(1901, '17218', 'b449151eb61e7fdffc88095f40059ac3', 'Siswa', 'aktif', 0, '', '0000-00-00 00:00:00', '0000-00-00 00:00:00', 'Theresia Idelia Pratiwi', '', 'sembunyikan', 'sembunyikan', '', ''),
(1900, '17198', '2e1e29f5fc4f906c2145acc6840b29ff', 'Siswa', 'aktif', 0, '', '0000-00-00 00:00:00', '0000-00-00 00:00:00', 'Sesilia Shania Wilianto', '', 'sembunyikan', 'sembunyikan', '', ''),
(1899, '17197', '9fc14d103064494b6a2be4dbd1dcdf32', 'Siswa', 'aktif', 0, '', '0000-00-00 00:00:00', '0000-00-00 00:00:00', 'Sannia Octavienty', '', 'sembunyikan', 'sembunyikan', '', ''),
(1898, '17176', '68ff9c82826dcda9030b6b0990efc033', 'Siswa', 'aktif', 0, '', '0000-00-00 00:00:00', '0000-00-00 00:00:00', 'Prillyta Gladys Sutanto', '', 'sembunyikan', 'sembunyikan', '', ''),
(1897, '17160', 'f420063e121d14a0e66d79946b28219a', 'Siswa', 'aktif', 0, '', '0000-00-00 00:00:00', '0000-00-00 00:00:00', 'Nico Julian Karman', '', 'sembunyikan', 'sembunyikan', '', ''),
(1896, '17157', 'c9fa5a72863b86fe0c7dc5902e21fb17', 'Siswa', 'aktif', 0, '', '0000-00-00 00:00:00', '0000-00-00 00:00:00', 'Monique Secilia Ully Devikenshi ', '', 'sembunyikan', 'sembunyikan', '', ''),
(1895, '17153', '83348779460c0e343cf5903bde2f4611', 'Siswa', 'aktif', 0, '', '0000-00-00 00:00:00', '0000-00-00 00:00:00', 'Michelle Christiana', '', 'sembunyikan', 'sembunyikan', '', ''),
(1894, '17138', '58845926c9bda650c3a9cb7ff6e64c91', 'Siswa', 'aktif', 0, '', '0000-00-00 00:00:00', '0000-00-00 00:00:00', 'Maria Vilda andrianto', '', 'sembunyikan', 'sembunyikan', '', ''),
(1893, '17130', '619a4295019b49d146b57c00594e827b', 'Siswa', 'aktif', 0, '', '0000-00-00 00:00:00', '0000-00-00 00:00:00', 'Livia Kalyca', '', 'sembunyikan', 'sembunyikan', '', ''),
(1892, '17123', '56457b43d703d1633b36fec9a01ea51e', 'Siswa', 'aktif', 0, '', '0000-00-00 00:00:00', '0000-00-00 00:00:00', 'Lay Wilfredo Limina', '', 'sembunyikan', 'sembunyikan', '', ''),
(1891, '17117', '9bc09ac880e071ceb1d63cdafdce6e84', 'Siswa', 'aktif', 0, '', '0000-00-00 00:00:00', '0000-00-00 00:00:00', 'Kevin Tanujaya', '', 'sembunyikan', 'sembunyikan', '', ''),
(1890, '17105', '172a0351dd06161e7774ba5a3abe865b', 'Siswa', 'aktif', 0, '', '0000-00-00 00:00:00', '0000-00-00 00:00:00', 'Juni Stefanus Santoso', '', 'sembunyikan', 'sembunyikan', '', ''),
(1889, '17103', '3b0cc7bcc871da67259a21b278670614', 'Siswa', 'aktif', 0, '', '0000-00-00 00:00:00', '0000-00-00 00:00:00', 'Julia Stefany Margo', '', 'sembunyikan', 'sembunyikan', '', ''),
(1884, '17061', 'd358d2a68839eda9e25bbe539acf175d', 'Siswa', 'aktif', 0, '', '0000-00-00 00:00:00', '0000-00-00 00:00:00', 'Gregorius Christian', '', 'sembunyikan', 'sembunyikan', '', ''),
(1885, '17066', '88a8871c1d2ca3b035772f10bee42950', 'Siswa', 'aktif', 0, '', '0000-00-00 00:00:00', '0000-00-00 00:00:00', 'Hendra Wijaya', '', 'sembunyikan', 'sembunyikan', '', ''),
(1886, '17074', '4fe560444cca7edf1c75e4fa492ff7d2', 'Siswa', 'aktif', 0, '', '0000-00-00 00:00:00', '0000-00-00 00:00:00', 'Indarwati Mulio Rahardjo', '', 'sembunyikan', 'sembunyikan', '', ''),
(1887, '17094', '08ed87bd895f5562aacffd47d4c086eb', 'Siswa', 'aktif', 0, '', '0000-00-00 00:00:00', '0000-00-00 00:00:00', 'Johan Santosa ', '', 'sembunyikan', 'sembunyikan', '', ''),
(1888, '17101', 'dfff88bd8e1ea034d76f39a71fb4ed4d', 'Siswa', 'aktif', 0, '', '0000-00-00 00:00:00', '0000-00-00 00:00:00', 'Juan Alexius Anggara', '', 'sembunyikan', 'sembunyikan', '', ''),
(1934, '17165', '4de682d9e24cb3cccc7fa371dd842051', 'Siswa', 'aktif', 0, '', '0000-00-00 00:00:00', '0000-00-00 00:00:00', 'Nolan', '', 'sembunyikan', 'sembunyikan', '', ''),
(1933, '17159', '986ad3ada4d93c1c474674751f941082', 'Siswa', 'aktif', 0, '', '0000-00-00 00:00:00', '0000-00-00 00:00:00', 'Nathaniel Chiesa Valentino', '', 'sembunyikan', 'sembunyikan', '', ''),
(1932, '17147', '80a756687927824d47a6a00843416c45', 'Siswa', 'aktif', 0, '', '0000-00-00 00:00:00', '0000-00-00 00:00:00', 'Michael Alexander Wongge', '', 'sembunyikan', 'sembunyikan', '', ''),
(1931, '17137', '314e9197a43a6d40cef6f1629e2c3721', 'Siswa', 'aktif', 0, '', '0000-00-00 00:00:00', '0000-00-00 00:00:00', 'Maria Soterini', '', 'sembunyikan', 'sembunyikan', '', ''),
(1930, '17133', 'eaaab05200f0645e4451f748dc85ef7a', 'Siswa', 'aktif', 0, '', '0000-00-00 00:00:00', '0000-00-00 00:00:00', 'Marcelina Samsuar', '', 'sembunyikan', 'sembunyikan', '', ''),
(1929, '17122', '631e5d78c846ec09125ebe7e7030b0ca', 'Siswa', 'aktif', 0, '', '0000-00-00 00:00:00', '0000-00-00 00:00:00', 'Laurensia Yuliani', '', 'sembunyikan', 'sembunyikan', '', ''),
(1928, '17115', '517190615c497358dbdf405aeac44c5b', 'Siswa', 'aktif', 0, '', '0000-00-00 00:00:00', '0000-00-00 00:00:00', 'Kenny Susilo', '', 'sembunyikan', 'sembunyikan', '', ''),
(1927, '17111', '39ba1389e2930ff24e3101741c9009ea', 'Siswa', 'aktif', 0, '', '0000-00-00 00:00:00', '0000-00-00 00:00:00', 'Katherina Valensia', '', 'sembunyikan', 'sembunyikan', '', ''),
(1926, '17099', 'ff6de5ac77370be900c32c9647f0365a', 'Siswa', 'aktif', 0, '', '0000-00-00 00:00:00', '0000-00-00 00:00:00', 'Joshua Ralph Aldo Kristiawan', '', 'sembunyikan', 'sembunyikan', '', ''),
(1925, '17089', 'd7e81e78801865d4e4c1be615e762ba4', 'Siswa', 'aktif', 0, '', '0000-00-00 00:00:00', '0000-00-00 00:00:00', 'Jessica Olivia', '', 'sembunyikan', 'sembunyikan', '', ''),
(1924, '17068', '58081e51fc9823889ed2969c9148d248', 'Siswa', 'aktif', 0, '', '0000-00-00 00:00:00', '0000-00-00 00:00:00', 'Hillary Agripina ', '', 'sembunyikan', 'sembunyikan', '', ''),
(1923, '17057', 'ea091ca6d4f474a765f3777597b384f8', 'Siswa', 'aktif', 0, '', '0000-00-00 00:00:00', '0000-00-00 00:00:00', 'Grace Ivy', '', 'sembunyikan', 'sembunyikan', '', ''),
(1922, '17054', '07fb6ce39032041f0d9e1cbeb08f2fb2', 'Siswa', 'aktif', 0, '', '0000-00-00 00:00:00', '0000-00-00 00:00:00', 'Glen Simhanandi', '', 'sembunyikan', 'sembunyikan', '', ''),
(1921, '17053', 'b527e953c64bdaef2ca06d4b3c4e59b1', 'Siswa', 'aktif', 0, '', '0000-00-00 00:00:00', '0000-00-00 00:00:00', 'Gisela Jessa Wikan Pawestri', '', 'sembunyikan', 'sembunyikan', '', ''),
(1920, '17045', '8295ef3608eee6550ef7ef27d4000177', 'Siswa', 'aktif', 0, '', '0000-00-00 00:00:00', '0000-00-00 00:00:00', 'Florencia Irena', '', 'sembunyikan', 'sembunyikan', '', ''),
(1919, '17044', '02a4f95155ad30321d3a88b53b85f2d6', 'Siswa', 'aktif', 0, '', '0000-00-00 00:00:00', '0000-00-00 00:00:00', 'Finola Wijaya', '', 'sembunyikan', 'sembunyikan', '', ''),
(1918, '17028', 'c512bddcbdebb96f50d886ccb249a752', 'Siswa', 'aktif', 0, '', '0000-00-00 00:00:00', '0000-00-00 00:00:00', 'Evan Maynard', '', 'sembunyikan', 'sembunyikan', '', ''),
(1917, '17027', '7cb85538a4093e82fe8c551341057388', 'Siswa', 'aktif', 0, '', '0000-00-00 00:00:00', '0000-00-00 00:00:00', 'Eugenie Averelia', '', 'sembunyikan', 'sembunyikan', '', ''),
(1916, '17025', 'e4f26beeb0ae24b92ffd355f5e9c5fda', 'Siswa', 'aktif', 0, '', '0000-00-00 00:00:00', '0000-00-00 00:00:00', 'Erick Poandy', '', 'sembunyikan', 'sembunyikan', '', ''),
(1915, '17015', '690f9037d32604b195becdf8dce82890', 'Siswa', 'aktif', 0, '', '0000-00-00 00:00:00', '0000-00-00 00:00:00', 'Dhamma Prabha Dewa', '', 'sembunyikan', 'sembunyikan', '', ''),
(1914, '17006', '7fb15019103809d7311d26d2e8bb47ed', 'Siswa', 'aktif', 0, '', '0000-00-00 00:00:00', '0000-00-00 00:00:00', 'Daniel Agustinus Wijaya', '', 'sembunyikan', 'sembunyikan', '', ''),
(1913, '16984', 'd8baddc195497f70ed815daebf4aaac6', 'Siswa', 'aktif', 0, '', '0000-00-00 00:00:00', '0000-00-00 00:00:00', 'Calvin Alexander Sutanto', '', 'sembunyikan', 'sembunyikan', '', ''),
(1912, '16980', 'c058d246d9705cc0524d7b25e1e36a6a', 'Siswa', 'aktif', 0, '', '0000-00-00 00:00:00', '0000-00-00 00:00:00', 'Bernadette Nicole Imaculatta', '', 'sembunyikan', 'sembunyikan', '', ''),
(1911, '16976', '30c58a19dde41f4ecbe4fa148968a31f', 'Siswa', 'aktif', 0, '', '0000-00-00 00:00:00', '0000-00-00 00:00:00', 'Bella Priska Suritiono', '', 'sembunyikan', 'sembunyikan', '', ''),
(1910, '16963', 'b6b216f2585250a7072b841a43a6c40e', 'Siswa', 'aktif', 0, '', '0000-00-00 00:00:00', '0000-00-00 00:00:00', 'Angelia Stephanie', '', 'sembunyikan', 'sembunyikan', '', ''),
(1378, 'machrus', 'c810189334bd14013688c9e24d63479e', 'Guru', 'aktif', 0, '2015-10-19 13:09:40', '0000-00-00 00:00:00', '0000-00-00 00:00:00', 'Machrus Ali, ST', 'machrus.jpg', 'sembunyikan', 'sembunyikan', '', ''),
(1425, '17344', 'd1aa227de516e4617cc72ab9cf456380', 'Siswa', 'aktif', 0, '', '0000-00-00 00:00:00', '0000-00-00 00:00:00', 'Daniel Yoga Eka Putra', '', 'sembunyikan', 'sembunyikan', '', ''),
(1426, '17372', '214f57783cac173e183096a607a408be', 'Siswa', 'aktif', 0, '', '0000-00-00 00:00:00', '0000-00-00 00:00:00', 'Erinne Natasha Yonanda Henoek', '', 'sembunyikan', 'sembunyikan', '', ''),
(1719, '17340', '7295b8c846b35dfe7da45330e57d3f61', 'Siswa', 'aktif', 0, '', '0000-00-00 00:00:00', '0000-00-00 00:00:00', 'Cornelius Ardian', '', 'sembunyikan', 'sembunyikan', '', ''),
(1718, '17339', '169ea72d893b7bfe6a36b531a78b48af', 'Siswa', 'aktif', 0, '', '0000-00-00 00:00:00', '0000-00-00 00:00:00', 'Cornelia Geraldine', '', 'sembunyikan', 'sembunyikan', '', ''),
(1717, '17317', 'dbf32ab25d093aacdd59dd74587bc0b2', 'Siswa', 'aktif', 0, '', '0000-00-00 00:00:00', '0000-00-00 00:00:00', 'Brama Andika', '', 'sembunyikan', 'sembunyikan', '', ''),
(1716, '17313', '3057aa0acb6d937295819f3d94f015e9', 'Siswa', 'aktif', 0, '', '0000-00-00 00:00:00', '0000-00-00 00:00:00', 'Billgay Flegon Patrobas Tambengi', '', 'sembunyikan', 'sembunyikan', '', '');
INSERT INTO `useraura` (`UserId`, `user`, `password`, `level`, `tipe`, `is_online`, `last_ping`, `start`, `exp`, `nama`, `photo`, `statusemail`, `statustelp`, `email`, `telp`) VALUES
(1715, '17299', '73b973e8cb788aaacc0d76892f85a877', 'Siswa', 'aktif', 0, '', '0000-00-00 00:00:00', '0000-00-00 00:00:00', 'Anthony Sanjaya', '', 'sembunyikan', 'sembunyikan', '', ''),
(1714, '17271', '5cd8270fa6b6f7b7e7ee19ab22b8024a', 'Siswa', 'aktif', 0, '', '0000-00-00 00:00:00', '0000-00-00 00:00:00', 'Alexander Reynard Likawijaya', '', 'sembunyikan', 'sembunyikan', '', ''),
(1713, '17266', 'a0e9b39681f0f1db2510fa47eae2d056', 'Siswa', 'aktif', 0, '', '0000-00-00 00:00:00', '0000-00-00 00:00:00', 'Aldo Setyawan Jaya', '', 'sembunyikan', 'sembunyikan', '', ''),
(1712, '17263', '4c40792e5998965f300247b4b43a879b', 'Siswa', 'aktif', 0, '', '0000-00-00 00:00:00', '0000-00-00 00:00:00', 'Albert Sukadi', '', 'sembunyikan', 'sembunyikan', '', ''),
(1711, '17259', '72be476187889df5a41b67e8365203f5', 'Siswa', 'aktif', 0, '', '0000-00-00 00:00:00', '0000-00-00 00:00:00', 'Aicie Ogilvy', '', 'sembunyikan', 'sembunyikan', '', ''),
(1710, '17639', '87d2df31d91c857ffb1a3d5caf45f766', 'Siswa', 'aktif', 0, '', '0000-00-00 00:00:00', '0000-00-00 00:00:00', 'Yonathan Sutanto', '', 'sembunyikan', 'sembunyikan', '', ''),
(1709, '17634', 'a2ec35c98a4e9f66f3fb3416a1995762', 'Siswa', 'aktif', 0, '', '0000-00-00 00:00:00', '0000-00-00 00:00:00', 'Yobel Budining Rahmadi', '', 'sembunyikan', 'sembunyikan', '', ''),
(1708, '17632', 'ac29e4f3b0ca96436d431a0ae7746ce7', 'Siswa', 'aktif', 0, '', '0000-00-00 00:00:00', '0000-00-00 00:00:00', 'Yesaya Imanuel Nugraha', '', 'sembunyikan', 'sembunyikan', '', ''),
(1707, '17625', '2cd2e570d324ece8ff21b15d1fbe3db3', 'Siswa', 'aktif', 0, '', '0000-00-00 00:00:00', '0000-00-00 00:00:00', 'William Giovanno', '', 'sembunyikan', 'sembunyikan', '', ''),
(1706, '17621', '0d1f9ed41c577b9ad97ebe248806ca70', 'Siswa', 'aktif', 0, '', '0000-00-00 00:00:00', '0000-00-00 00:00:00', 'Wibowo ', '', 'sembunyikan', 'sembunyikan', '', ''),
(1705, '17601', '76b9419064e61d1a0a82607b0cbd7fc4', 'Siswa', 'aktif', 0, '', '0000-00-00 00:00:00', '0000-00-00 00:00:00', 'Tiffany Vianetta', '', 'sembunyikan', 'sembunyikan', '', ''),
(1704, '17598', 'ed8b48e1c4539c20a31939ea517e043a', 'Siswa', 'aktif', 0, '', '0000-00-00 00:00:00', '0000-00-00 00:00:00', 'Thomas Rio Erdian', '', 'sembunyikan', 'sembunyikan', '', ''),
(1703, '17581', 'b4b02e73348a61103e4afdc188914b02', 'Siswa', 'aktif', 0, '', '0000-00-00 00:00:00', '0000-00-00 00:00:00', 'Stevania Vorensia Wijaya', '', 'sembunyikan', 'sembunyikan', '', ''),
(1702, '17580', '787e31211573dd825e7f26a9b6725b25', 'Siswa', 'aktif', 0, '', '0000-00-00 00:00:00', '0000-00-00 00:00:00', 'Stephen Jaya Saputra', '', 'sembunyikan', 'sembunyikan', '', ''),
(1701, '17579', '258751af1eef4a2f85c22416c3d3ab36', 'Siswa', 'aktif', 0, '', '0000-00-00 00:00:00', '0000-00-00 00:00:00', 'Stephanie Yustine Tanjung', '', 'sembunyikan', 'sembunyikan', '', ''),
(1700, '17577', 'ee77e8fb3cbe33ba56700de13ae53f36', 'Siswa', 'aktif', 0, '', '0000-00-00 00:00:00', '0000-00-00 00:00:00', 'Stefhanie Florencia Enggano', '', 'sembunyikan', 'sembunyikan', '', ''),
(1699, '17558', 'f1deaee7fb4927ad7e67675b4f411d2e', 'Siswa', 'aktif', 0, '', '0000-00-00 00:00:00', '0000-00-00 00:00:00', 'Ryan Pratama', '', 'sembunyikan', 'sembunyikan', '', ''),
(1698, '17557', '0d6d4bd865309c75246109d2d83a5fb6', 'Siswa', 'aktif', 0, '', '0000-00-00 00:00:00', '0000-00-00 00:00:00', 'Ruddy Darmana', '', 'sembunyikan', 'sembunyikan', '', ''),
(1697, '17554', '9831384e2ed3938f00b8fb98b3424649', 'Siswa', 'aktif', 0, '', '0000-00-00 00:00:00', '0000-00-00 00:00:00', 'Ronaldo Alexander', '', 'sembunyikan', 'sembunyikan', '', ''),
(1696, '17514', '537442dc2f31b1311163fef609949f9c', 'Siswa', 'aktif', 0, '', '0000-00-00 00:00:00', '0000-00-00 00:00:00', 'Michael Louis Chandra', '', 'sembunyikan', 'sembunyikan', '', ''),
(1695, '17502', '42049d7b8acf5f21481fdc2a07f23129', 'Siswa', 'aktif', 0, '', '0000-00-00 00:00:00', '0000-00-00 00:00:00', 'Maximilianus Vigo', '', 'sembunyikan', 'sembunyikan', '', ''),
(1694, '17500', '645d8981d8d3547c17119dda7d6c057a', 'Siswa', 'aktif', 0, '', '0000-00-00 00:00:00', '0000-00-00 00:00:00', 'Maxi Millian Haris', '', 'sembunyikan', 'sembunyikan', '', ''),
(1693, '17499', 'cef683681c0db9c2e21e705976d1c886', 'Siswa', 'aktif', 0, '', '0000-00-00 00:00:00', '0000-00-00 00:00:00', 'Matthew Ephraim', '', 'sembunyikan', 'sembunyikan', '', ''),
(1692, '17494', 'a6f39a1c9403d1b82d0efd85a089c499', 'Siswa', 'aktif', 0, '', '0000-00-00 00:00:00', '0000-00-00 00:00:00', 'Maria Angela Kalangie', '', 'sembunyikan', 'sembunyikan', '', ''),
(1691, '17472', '6e3a0a9abe898f51ff56c491b528b302', 'Siswa', 'aktif', 0, '', '0000-00-00 00:00:00', '0000-00-00 00:00:00', 'Kornelius Vieno Zico Wahono', '', 'sembunyikan', 'sembunyikan', '', ''),
(1690, '17455', '06d1877c71ba8d3f2f72d1ffc585c463', 'Siswa', 'aktif', 0, '', '0000-00-00 00:00:00', '0000-00-00 00:00:00', 'Jovan Zachary Winarno', '', 'sembunyikan', 'sembunyikan', '', ''),
(1689, '17445', 'bad1243bb55ded10b82e6e9b33321897', 'Siswa', 'aktif', 0, '', '0000-00-00 00:00:00', '0000-00-00 00:00:00', 'Jessica Amanda Wohon', '', 'sembunyikan', 'sembunyikan', '', ''),
(1688, '17432', 'e6fb52c108655e3dbb47bfeccce12131', 'Siswa', 'aktif', 0, '', '0000-00-00 00:00:00', '0000-00-00 00:00:00', 'Ignatius Reinaldo Lemuel', '', 'sembunyikan', 'sembunyikan', '', ''),
(1687, '17417', '7bcab4942f4f7e074eb4f7b4ecdf4f61', 'Siswa', 'aktif', 0, '', '0000-00-00 00:00:00', '0000-00-00 00:00:00', 'Gracielle Vincentia', '', 'sembunyikan', 'sembunyikan', '', ''),
(1686, '17415', '79d51f4d7e4d54d54b55519c3b462d00', 'Siswa', 'aktif', 0, '', '0000-00-00 00:00:00', '0000-00-00 00:00:00', 'Graciella Meilia', '', 'sembunyikan', 'sembunyikan', '', ''),
(1685, '17403', '89a26a363b87a87ac6a94277e841b7f4', 'Siswa', 'aktif', 0, '', '0000-00-00 00:00:00', '0000-00-00 00:00:00', 'Gabriel Feby Setiawan', '', 'sembunyikan', 'sembunyikan', '', ''),
(1684, '17395', '41f87c79a2fb369fdb2aa2a1060a9a83', 'Siswa', 'aktif', 0, '', '0000-00-00 00:00:00', '0000-00-00 00:00:00', 'Florence Pangestu', '', 'sembunyikan', 'sembunyikan', '', ''),
(1683, '17389', '36f9d490114303cd7debf20548fc6888', 'Siswa', 'aktif', 0, '', '0000-00-00 00:00:00', '0000-00-00 00:00:00', 'Ferdinan Dwi Ardiyanto', '', 'sembunyikan', 'sembunyikan', '', ''),
(1682, '17365', '5807f0ed140fffaa1f35f16baf72e31b', 'Siswa', 'aktif', 0, '', '0000-00-00 00:00:00', '0000-00-00 00:00:00', 'Ellen Yovita Tedjo', '', 'sembunyikan', 'sembunyikan', '', ''),
(1681, '17360', '98538f596b34bab69a908c8f376983a1', 'Siswa', 'aktif', 0, '', '0000-00-00 00:00:00', '0000-00-00 00:00:00', 'Elisabeth Chindy Moelia Goenardie', '', 'sembunyikan', 'sembunyikan', '', ''),
(1680, '17330', '36dac211003ecc5dd496ab254f06bba6', 'Siswa', 'aktif', 0, '', '0000-00-00 00:00:00', '0000-00-00 00:00:00', 'Christian Felix Tjandra', '', 'sembunyikan', 'sembunyikan', '', ''),
(1679, '17327', '3de644286aafb7e5b26f58ec57d05d2d', 'Siswa', 'aktif', 0, '', '0000-00-00 00:00:00', '0000-00-00 00:00:00', 'Caroline Salsabila', '', 'sembunyikan', 'sembunyikan', '', ''),
(1678, '17320', 'e98f2cd4e9f56a133abed423adb51d83', 'Siswa', 'aktif', 0, '', '0000-00-00 00:00:00', '0000-00-00 00:00:00', 'Brillian Haryanto', '', 'sembunyikan', 'sembunyikan', '', ''),
(1677, '17302', 'a41c706749e45f3720d5943351717fa3', 'Siswa', 'aktif', 0, '', '0000-00-00 00:00:00', '0000-00-00 00:00:00', 'Antonius Richard Hutomo', '', 'sembunyikan', 'sembunyikan', '', ''),
(1676, '17300', '917c5ffe030a6f7a0bd034248ac6e645', 'Siswa', 'aktif', 0, '', '0000-00-00 00:00:00', '0000-00-00 00:00:00', 'Anthony Surya Anggono', '', 'sembunyikan', 'sembunyikan', '', ''),
(1675, '17280', '467f789a63cd3c1cd1beae2582203b54', 'Siswa', 'aktif', 0, '', '0000-00-00 00:00:00', '0000-00-00 00:00:00', 'Amelia Elisabeth Meliangan', '', 'sembunyikan', 'sembunyikan', '', ''),
(1674, '17275', 'ff356077cd5c5aed76a08459f3b6416d', 'Siswa', 'aktif', 0, '', '0000-00-00 00:00:00', '0000-00-00 00:00:00', 'Aloysius Seno Aji Pambudi', '', 'sembunyikan', 'sembunyikan', '', ''),
(1673, '17261', 'dfd079e3f84300e65dea6b55d0c8e158', 'Siswa', 'aktif', 0, '', '0000-00-00 00:00:00', '0000-00-00 00:00:00', 'Albella Valeria', '', 'sembunyikan', 'sembunyikan', '', ''),
(1672, '17623', '616996895f8fbde61cf176ee9e7aecfd', 'Siswa', 'aktif', 0, '', '0000-00-00 00:00:00', '0000-00-00 00:00:00', 'William', '', 'sembunyikan', 'sembunyikan', '', ''),
(1671, '17619', '6a89030139adc3d2fc4aade3433e8d16', 'Siswa', 'aktif', 0, '', '0000-00-00 00:00:00', '0000-00-00 00:00:00', 'Vodalus Parameswara', '', 'sembunyikan', 'sembunyikan', '', ''),
(1670, '17614', '499b9a5e43ad2e70083e6107e95deb88', 'Siswa', 'aktif', 0, '', '0000-00-00 00:00:00', '0000-00-00 00:00:00', 'Vincentius Edbert Arijaya', '', 'sembunyikan', 'sembunyikan', '', ''),
(1669, '17607', '40615970e07d91a15cf42214ae5f4847', 'Siswa', 'aktif', 0, '', '0000-00-00 00:00:00', '0000-00-00 00:00:00', 'Vanessa Gunawan', '', 'sembunyikan', 'sembunyikan', '', ''),
(1668, '17596', 'b86b8c4fa6f55a31dd1964bd374d654f', 'Siswa', 'aktif', 0, '', '0000-00-00 00:00:00', '0000-00-00 00:00:00', 'Theodorus Widyawan', '', 'sembunyikan', 'sembunyikan', '', ''),
(1667, '17569', '6d090e8d4f2d61498fe04b05cc2ba6eb', 'Siswa', 'aktif', 0, '', '0000-00-00 00:00:00', '0000-00-00 00:00:00', 'Silvio Hermawan', '', 'sembunyikan', 'sembunyikan', '', ''),
(1666, '17563', 'b952fb76427d6ab439fbd2b78f691ba5', 'Siswa', 'aktif', 0, '', '0000-00-00 00:00:00', '0000-00-00 00:00:00', 'Sharon Dorothy Sacharissa', '', 'sembunyikan', 'sembunyikan', '', ''),
(1665, '17561', 'ad48ef812e1189e7c488a956e7a3676c', 'Siswa', 'aktif', 0, '', '0000-00-00 00:00:00', '0000-00-00 00:00:00', 'Satria Setyo', '', 'sembunyikan', 'sembunyikan', '', ''),
(1664, '17535', '09a11be6989d5a0e438dd9e589210a79', 'Siswa', 'aktif', 0, '', '0000-00-00 00:00:00', '0000-00-00 00:00:00', 'Olivia Wijayanti', '', 'sembunyikan', 'sembunyikan', '', ''),
(1663, '17532', 'de30cdee564cda7c29b1d761cc3f753d', 'Siswa', 'aktif', 0, '', '0000-00-00 00:00:00', '0000-00-00 00:00:00', 'Oliver Christian', '', 'sembunyikan', 'sembunyikan', '', ''),
(1662, '17527', 'a18128daad05bf1de8ab6530a5f3b287', 'Siswa', 'aktif', 0, '', '0000-00-00 00:00:00', '0000-00-00 00:00:00', 'Nicholas Ferdinand', '', 'sembunyikan', 'sembunyikan', '', ''),
(1661, '17523', 'ad177a1b319fe986e2030fc03d2df126', 'Siswa', 'aktif', 0, '', '0000-00-00 00:00:00', '0000-00-00 00:00:00', 'Monica Davida Levy Pello', '', 'sembunyikan', 'sembunyikan', '', ''),
(1660, '17518', '73c2bf297c5aec4bcbdeb4435328c335', 'Siswa', 'aktif', 0, '', '0000-00-00 00:00:00', '0000-00-00 00:00:00', 'Michelle Christabel Munadi', '', 'sembunyikan', 'sembunyikan', '', ''),
(1659, '17515', '8c55f710dea335821c0884d990c62b77', 'Siswa', 'aktif', 0, '', '0000-00-00 00:00:00', '0000-00-00 00:00:00', 'Michael Sanjaya', '', 'sembunyikan', 'sembunyikan', '', ''),
(1658, '17498', '7ad874c1df47197ed606592e1a07c230', 'Siswa', 'aktif', 0, '', '0000-00-00 00:00:00', '0000-00-00 00:00:00', 'Matias Irvan Rivaldy', '', 'sembunyikan', 'sembunyikan', '', ''),
(1657, '17495', 'a73d968b6697a4ad1e91bd4ba769a4a0', 'Siswa', 'aktif', 0, '', '0000-00-00 00:00:00', '0000-00-00 00:00:00', 'Maria Natalia Hadi', '', 'sembunyikan', 'sembunyikan', '', ''),
(1656, '17493', 'dfedb13505585ea91e2eb7edf64282a7', 'Siswa', 'aktif', 0, '', '0000-00-00 00:00:00', '0000-00-00 00:00:00', 'Marcoleon Kusuma', '', 'sembunyikan', 'sembunyikan', '', ''),
(1655, '17465', '384b80d8c13ec6884a66ecc6a03fe796', 'Siswa', 'aktif', 0, '', '0000-00-00 00:00:00', '0000-00-00 00:00:00', 'Kevin Reinaldo Santoso', '', 'sembunyikan', 'sembunyikan', '', ''),
(1654, '17458', 'd85753f9fffd5bc75de09475aed5b3f1', 'Siswa', 'aktif', 0, '', '0000-00-00 00:00:00', '0000-00-00 00:00:00', 'Julia Syannon Lee', '', 'sembunyikan', 'sembunyikan', '', ''),
(1653, '17447', 'cc0c490aab832307f9cd2ebad8fa114e', 'Siswa', 'aktif', 0, '', '0000-00-00 00:00:00', '0000-00-00 00:00:00', 'Jessica Meydy Angelina', '', 'sembunyikan', 'sembunyikan', '', ''),
(1652, '17426', '93106f2b3d83f77dbb5a098e014fad40', 'Siswa', 'aktif', 0, '', '0000-00-00 00:00:00', '0000-00-00 00:00:00', 'Hendri Tanwiwin', '', 'sembunyikan', 'sembunyikan', '', ''),
(1651, '17410', '1f7650d12288f6e4a44073eb22ee2edb', 'Siswa', 'aktif', 0, '', '0000-00-00 00:00:00', '0000-00-00 00:00:00', 'Glenn Evan', '', 'sembunyikan', 'sembunyikan', '', ''),
(1650, '17407', '0599212ac5b4670c30619bac376c189c', 'Siswa', 'aktif', 0, '', '0000-00-00 00:00:00', '0000-00-00 00:00:00', 'Gerry Christian Wibisono', '', 'sembunyikan', 'sembunyikan', '', ''),
(1649, '17400', '38616a3812ca4dc2c99d0850ee16c13a', 'Siswa', 'aktif', 0, '', '0000-00-00 00:00:00', '0000-00-00 00:00:00', 'Fransiscus Mario Santoso', '', 'sembunyikan', 'sembunyikan', '', ''),
(1648, '17394', 'f4f845d6fdeca6547c012e2b85347ae5', 'Siswa', 'aktif', 0, '', '0000-00-00 00:00:00', '0000-00-00 00:00:00', 'Finka Evania', '', 'sembunyikan', 'sembunyikan', '', ''),
(1647, '17381', '33681279c167c7fcd2997ed72cfb4c4a', 'Siswa', 'aktif', 0, '', '0000-00-00 00:00:00', '0000-00-00 00:00:00', 'Felicia', '', 'sembunyikan', 'sembunyikan', '', ''),
(1646, '17364', '2fdddc426480d46ce18affae5e455c82', 'Siswa', 'aktif', 0, '', '0000-00-00 00:00:00', '0000-00-00 00:00:00', 'Ellen Feliana', '', 'sembunyikan', 'sembunyikan', '', ''),
(1645, '17350', '8f62fe2aabd402d562821460d7d4c72b', 'Siswa', 'aktif', 0, '', '0000-00-00 00:00:00', '0000-00-00 00:00:00', 'Demetria Stacey', '', 'sembunyikan', 'sembunyikan', '', ''),
(1644, '17345', '307f9eb8397a08703db9f7f66fcaf8c3', 'Siswa', 'aktif', 0, '', '0000-00-00 00:00:00', '0000-00-00 00:00:00', 'Dariel Syah Putra Sudjono', '', 'sembunyikan', 'sembunyikan', '', ''),
(1643, '17326', '35de7f00bad34f84410705a41b7d90ea', 'Siswa', 'aktif', 0, '', '0000-00-00 00:00:00', '0000-00-00 00:00:00', 'Caroline Claudia Christofan', '', 'sembunyikan', 'sembunyikan', '', ''),
(1642, '17319', '7a5cdf95716ea8fdfcfafa0f545139e0', 'Siswa', 'aktif', 0, '', '0000-00-00 00:00:00', '0000-00-00 00:00:00', 'Brigitta Angeline', '', 'sembunyikan', 'sembunyikan', '', ''),
(1641, '17315', 'f5930695d180d30a1b0f358ab79cf115', 'Siswa', 'aktif', 0, '', '0000-00-00 00:00:00', '0000-00-00 00:00:00', 'Birgitha Dewi', '', 'sembunyikan', 'sembunyikan', '', ''),
(1640, '17303', '68ff0c6ee845a28a756d3f8cf4e2a537', 'Siswa', 'aktif', 0, '', '0000-00-00 00:00:00', '0000-00-00 00:00:00', 'Antonius William', '', 'sembunyikan', 'sembunyikan', '', ''),
(1639, '17298', '5ba560e450ca899ff7f25d00077c3fff', 'Siswa', 'aktif', 0, '', '0000-00-00 00:00:00', '0000-00-00 00:00:00', 'Anthony Bryan Tjondronoto', '', 'sembunyikan', 'sembunyikan', '', ''),
(1638, '17295', '5eabe0860bc644bc655dcb4c69f5a3c2', 'Siswa', 'aktif', 0, '', '0000-00-00 00:00:00', '0000-00-00 00:00:00', 'Anggie Nicoline', '', 'sembunyikan', 'sembunyikan', '', ''),
(1637, '17288', '73fa61ad33d596ce3f642aa3a332e792', 'Siswa', 'aktif', 0, '', '0000-00-00 00:00:00', '0000-00-00 00:00:00', 'Andrew Anggada', '', 'sembunyikan', 'sembunyikan', '', ''),
(1636, '17287', 'f06a642b52d91adfa0168b737bd60db9', 'Siswa', 'aktif', 0, '', '0000-00-00 00:00:00', '0000-00-00 00:00:00', 'Andreas Susilo', '', 'sembunyikan', 'sembunyikan', '', ''),
(1635, '17282', 'd1212f6eac995eb9cdd687fb6303a2f0', 'Siswa', 'aktif', 0, '', '0000-00-00 00:00:00', '0000-00-00 00:00:00', 'Anasthasia Mitha Ayuwanda', '', 'sembunyikan', 'sembunyikan', '', ''),
(1634, '17265', 'ab43c4e87d82d0c6b0f9b02654aaf23c', 'Siswa', 'aktif', 0, '', '0000-00-00 00:00:00', '0000-00-00 00:00:00', 'Aldo Nova Widodo', '', 'sembunyikan', 'sembunyikan', '', ''),
(1633, '17258', '42dac78c17149caac83296b32af38f59', 'Siswa', 'aktif', 0, '', '0000-00-00 00:00:00', '0000-00-00 00:00:00', 'Agus Surya W', '', 'sembunyikan', 'sembunyikan', '', ''),
(1632, '17256', 'f7ab113fb2bdb9d5674ef9ab826d7979', 'Siswa', 'aktif', 0, '', '0000-00-00 00:00:00', '0000-00-00 00:00:00', 'Adhytia Dwi Dharma Putra', '', 'sembunyikan', 'sembunyikan', '', ''),
(1631, '17630', '1789250aaf0335d750de2acf2faa707d', 'Siswa', 'aktif', 0, '', '0000-00-00 00:00:00', '0000-00-00 00:00:00', 'Xavier Angwyn', '', 'sembunyikan', 'sembunyikan', '', ''),
(1630, '17622', '6a62253c673325a7be239b84a9f879d2', 'Siswa', 'aktif', 0, '', '0000-00-00 00:00:00', '0000-00-00 00:00:00', 'Widhiawati Limantojo', '', 'sembunyikan', 'sembunyikan', '', ''),
(1629, '17615', '544ff8e864cd5c862e831d8ec121b5b8', 'Siswa', 'aktif', 0, '', '0000-00-00 00:00:00', '0000-00-00 00:00:00', 'Vincentius Eric Sutanto', '', 'sembunyikan', 'sembunyikan', '', ''),
(1628, '17578', '5d7bc0a1b56b6b05df25ba38b98ca60d', 'Siswa', 'aktif', 0, '', '0000-00-00 00:00:00', '0000-00-00 00:00:00', 'Stephanie Nathaniel', '', 'sembunyikan', 'sembunyikan', '', ''),
(1627, '17575', 'ec160682cb3586d851071e80ec63d6c0', 'Siswa', 'aktif', 0, '', '0000-00-00 00:00:00', '0000-00-00 00:00:00', 'Steffany Brenda', '', 'sembunyikan', 'sembunyikan', '', ''),
(1626, '17550', 'd1ee896289d2e2ed272e9b45a2860492', 'Siswa', 'aktif', 0, '', '0000-00-00 00:00:00', '0000-00-00 00:00:00', 'Richard Manuel Listijo', '', 'sembunyikan', 'sembunyikan', '', ''),
(1625, '17536', '2975c2a0df49e48104fc44a7838db7f7', 'Siswa', 'aktif', 0, '', '0000-00-00 00:00:00', '0000-00-00 00:00:00', 'Owen Rahardiyan Budi', '', 'sembunyikan', 'sembunyikan', '', ''),
(1624, '17533', '838dc9de386130f83f625a98d1ea561f', 'Siswa', 'aktif', 0, '', '0000-00-00 00:00:00', '0000-00-00 00:00:00', 'Olivia Madeleine', '', 'sembunyikan', 'sembunyikan', '', ''),
(1623, '17531', 'ef96003dff3714cf3720aee9b14503b7', 'Siswa', 'aktif', 0, '', '0000-00-00 00:00:00', '0000-00-00 00:00:00', 'Novy Prameswari Regina Dermawan', '', 'sembunyikan', 'sembunyikan', '', ''),
(1622, '17526', '64b0a7e11a467063ff3fa8d3bdf661e1', 'Siswa', 'aktif', 0, '', '0000-00-00 00:00:00', '0000-00-00 00:00:00', 'Neillen Yang', '', 'sembunyikan', 'sembunyikan', '', ''),
(1621, '17525', 'af71676c7ff18aa1e3753650104db82d', 'Siswa', 'aktif', 0, '', '0000-00-00 00:00:00', '0000-00-00 00:00:00', 'Nadia Cynthia Larasati', '', 'sembunyikan', 'sembunyikan', '', ''),
(1620, '17512', '02c28f84c46deb0b993010f76fef4c0d', 'Siswa', 'aktif', 0, '', '0000-00-00 00:00:00', '0000-00-00 00:00:00', 'Michael Kesuma Karman', '', 'sembunyikan', 'sembunyikan', '', ''),
(1619, '17511', 'b42a895fb052aa5ec44b75d31af69a2a', 'Siswa', 'aktif', 0, '', '0000-00-00 00:00:00', '0000-00-00 00:00:00', 'Michael Christawan', '', 'sembunyikan', 'sembunyikan', '', ''),
(1618, '17507', '2365a4db507862569752334234a29b50', 'Siswa', 'aktif', 0, '', '0000-00-00 00:00:00', '0000-00-00 00:00:00', 'Melly Mar William', '', 'sembunyikan', 'sembunyikan', '', ''),
(1617, '17506', '07b1e246e902a97f8d4ed5f0408fa838', 'Siswa', 'aktif', 0, '', '0000-00-00 00:00:00', '0000-00-00 00:00:00', 'Mellisa Listya', '', 'sembunyikan', 'sembunyikan', '', ''),
(1616, '17492', '23fb42c7ddc1017599541a953efb68bb', 'Siswa', 'aktif', 0, '', '0000-00-00 00:00:00', '0000-00-00 00:00:00', 'Marcelino Hefialdo Soetikno', '', 'sembunyikan', 'sembunyikan', '', ''),
(1615, '17489', '06833b73c7b85d172f55b6f38a40b094', 'Siswa', 'aktif', 0, '', '0000-00-00 00:00:00', '0000-00-00 00:00:00', 'Ludwina Asaleo', '', 'sembunyikan', 'sembunyikan', '', ''),
(1614, '17473', 'a87c3e8f9b58723ac1c4f6ab69c0d0c9', 'Siswa', 'aktif', 0, '', '0000-00-00 00:00:00', '0000-00-00 00:00:00', 'Kreszens Hidayat', '', 'sembunyikan', 'sembunyikan', '', ''),
(1613, '17470', '272a535143aa13813aa08719769281ac', 'Siswa', 'aktif', 0, '', '0000-00-00 00:00:00', '0000-00-00 00:00:00', 'Kimberly Nikita', '', 'sembunyikan', 'sembunyikan', '', ''),
(1612, '17459', '80c3759420eee7aad4f3b6e9f1d9779b', 'Siswa', 'aktif', 0, '', '0000-00-00 00:00:00', '0000-00-00 00:00:00', 'Karolina Meliawati', '', 'sembunyikan', 'sembunyikan', '', ''),
(1611, '17457', '029088a9cfa844b43f1cb39d3377aac6', 'Siswa', 'aktif', 0, '', '0000-00-00 00:00:00', '0000-00-00 00:00:00', 'Juan Richard Alexander Setiawan', '', 'sembunyikan', 'sembunyikan', '', ''),
(1610, '17444', '9fb640ea6abe0e849c8c1fd6eea97c22', 'Siswa', 'aktif', 0, '', '0000-00-00 00:00:00', '0000-00-00 00:00:00', 'Jerry Indrawan', '', 'sembunyikan', 'sembunyikan', '', ''),
(1609, '17443', '4a879a1c26685ebe45b167fa445a74c8', 'Siswa', 'aktif', 0, '', '0000-00-00 00:00:00', '0000-00-00 00:00:00', 'Jenneta Virenna Rachmad', '', 'sembunyikan', 'sembunyikan', '', ''),
(1608, '17405', '1394985202ea63bcbc29d6db7df35287', 'Siswa', 'aktif', 0, '', '0000-00-00 00:00:00', '0000-00-00 00:00:00', 'Gary Owen Milawijaya', '', 'sembunyikan', 'sembunyikan', '', ''),
(1607, '17402', 'bbd529c3160b4c800103a27dd102a72a', 'Siswa', 'aktif', 0, '', '0000-00-00 00:00:00', '0000-00-00 00:00:00', 'Gabriel Adisurya Harsono', '', 'sembunyikan', 'sembunyikan', '', ''),
(1606, '17397', '132aea85729bd67ff2e38e5952abfd25', 'Siswa', 'aktif', 0, '', '0000-00-00 00:00:00', '0000-00-00 00:00:00', 'Florencia Lianggono', '', 'sembunyikan', 'sembunyikan', '', ''),
(1605, '17392', 'f85394ad7edb90639623e2af567b3963', 'Siswa', 'aktif', 0, '', '0000-00-00 00:00:00', '0000-00-00 00:00:00', 'Fernando Tanujaya', '', 'sembunyikan', 'sembunyikan', '', ''),
(1604, '17368', '087f472a3834c0b03466667b67d58982', 'Siswa', 'aktif', 0, '', '0000-00-00 00:00:00', '0000-00-00 00:00:00', 'Elyzabeth Natalia Hartanto Lapian', '', 'sembunyikan', 'sembunyikan', '', ''),
(1603, '17367', '099bd586b4f3288eef1b7eb8322f9c8e', 'Siswa', 'aktif', 0, '', '0000-00-00 00:00:00', '0000-00-00 00:00:00', 'Elvina Irine Anggraini Winata', '', 'sembunyikan', 'sembunyikan', '', ''),
(1602, '17352', '9f08ae43ac80bb4d17a04dbd34b10751', 'Siswa', 'aktif', 0, '', '0000-00-00 00:00:00', '0000-00-00 00:00:00', 'Deviana Natalia Widayat', '', 'sembunyikan', 'sembunyikan', '', ''),
(1601, '17346', '92cf20fec778b6ae4fca0c05c154e3a7', 'Siswa', 'aktif', 0, '', '0000-00-00 00:00:00', '0000-00-00 00:00:00', 'Darmadi Pranata', '', 'sembunyikan', 'sembunyikan', '', ''),
(1600, '17343', '474cb9e0d31ee15a396d30623feeea71', 'Siswa', 'aktif', 0, '', '0000-00-00 00:00:00', '0000-00-00 00:00:00', 'Daniel Sefrandov Simatauw', '', 'sembunyikan', 'sembunyikan', '', ''),
(1599, '17336', 'e900ad3b2019268e3182123407fda545', 'Siswa', 'aktif', 0, '', '0000-00-00 00:00:00', '0000-00-00 00:00:00', 'Cindy Yustisia', '', 'sembunyikan', 'sembunyikan', '', ''),
(1598, '17321', 'd4ae72ec5374a998c56865d04fb32da5', 'Siswa', 'aktif', 0, '', '0000-00-00 00:00:00', '0000-00-00 00:00:00', 'Bryan Kristanto', '', 'sembunyikan', 'sembunyikan', '', ''),
(1597, '17312', 'ccb8dbcf2c004cbbae8858760e4a22fa', 'Siswa', 'aktif', 0, '', '0000-00-00 00:00:00', '0000-00-00 00:00:00', 'Benedict Deo Tanasha', '', 'sembunyikan', 'sembunyikan', '', ''),
(1596, '17309', '6d80b1c2a094e276f2b422475d8fa5be', 'Siswa', 'aktif', 0, '', '0000-00-00 00:00:00', '0000-00-00 00:00:00', 'Beatrix Gotama', '', 'sembunyikan', 'sembunyikan', '', ''),
(1595, '17306', 'e122d05faf63559ce66ff9d98cb413a4', 'Siswa', 'aktif', 0, '', '0000-00-00 00:00:00', '0000-00-00 00:00:00', 'Audricahma Theressa Arus Decstracountanty', '', 'sembunyikan', 'sembunyikan', '', ''),
(1594, '17278', '3fc766eeb8f90bc3d4e5b0ed68639eee', 'Siswa', 'aktif', 0, '', '0000-00-00 00:00:00', '0000-00-00 00:00:00', 'Amadeo Maheswara Balapradhana', '', 'sembunyikan', 'sembunyikan', '', ''),
(1593, '17274', 'ff413935bfae4f0e2d8dce0e0dacfdcd', 'Siswa', 'aktif', 0, '', '0000-00-00 00:00:00', '0000-00-00 00:00:00', 'Alim Raharjo', '', 'sembunyikan', 'sembunyikan', '', ''),
(1592, '17268', 'bfd5a66a69fb7c69d67c273af438f3a9', 'Siswa', 'aktif', 0, '', '0000-00-00 00:00:00', '0000-00-00 00:00:00', 'Alexander Defly Cannavio Mutiar', '', 'sembunyikan', 'sembunyikan', '', ''),
(1591, '17640', '06dea2c13dd7f20a509f3d4d411c2591', 'Siswa', 'aktif', 0, '', '0000-00-00 00:00:00', '0000-00-00 00:00:00', 'Yongki Chandra', '', 'sembunyikan', 'sembunyikan', '', ''),
(1590, '17627', '57696f4c6d8a92b1eb18308677a59ca2', 'Siswa', 'aktif', 0, '', '0000-00-00 00:00:00', '0000-00-00 00:00:00', 'William Sintan Sutanto', '', 'sembunyikan', 'sembunyikan', '', ''),
(1589, '17617', 'bbf2cce2c026133d6a9da7d08fc36cf2', 'Siswa', 'aktif', 0, '', '0000-00-00 00:00:00', '0000-00-00 00:00:00', 'Vincentius Yoga Giantoro P', '', 'sembunyikan', 'sembunyikan', '', ''),
(1588, '17602', '071aece5dadee7623302182c4b4d238f', 'Siswa', 'aktif', 0, '', '0000-00-00 00:00:00', '0000-00-00 00:00:00', 'Timothy Natanael Sebastian', '', 'sembunyikan', 'sembunyikan', '', ''),
(1587, '17594', 'a0e9cab17a035c5ad4c817c25188e195', 'Siswa', 'aktif', 0, '', '0000-00-00 00:00:00', '0000-00-00 00:00:00', 'Tessa Tania', '', 'sembunyikan', 'sembunyikan', '', ''),
(1586, '17591', '002f9c8cee878b64a747a2c211da7d83', 'Siswa', 'aktif', 0, '', '0000-00-00 00:00:00', '0000-00-00 00:00:00', 'Tasya Yunita Lie', '', 'sembunyikan', 'sembunyikan', '', ''),
(1585, '17586', '613cfe07a22da823b7ba60968c73ab73', 'Siswa', 'aktif', 0, '', '0000-00-00 00:00:00', '0000-00-00 00:00:00', 'Steven Samuel Anggrek', '', 'sembunyikan', 'sembunyikan', '', ''),
(1584, '17584', '5b7d718b0db551bd2f9ca025f8bb15e0', 'Siswa', 'aktif', 0, '', '0000-00-00 00:00:00', '0000-00-00 00:00:00', 'Steven Julianto', '', 'sembunyikan', 'sembunyikan', '', ''),
(1583, '17568', '1e4503555f3509d72f0ae55f8c3880d0', 'Siswa', 'aktif', 0, '', '0000-00-00 00:00:00', '0000-00-00 00:00:00', 'Shieryn Fiorenza', '', 'sembunyikan', 'sembunyikan', '', ''),
(1582, '17547', 'e99a32fb7acdb9a11bdbe01dd37c2767', 'Siswa', 'aktif', 0, '', '0000-00-00 00:00:00', '0000-00-00 00:00:00', 'Richard Christian Soedjono', '', 'sembunyikan', 'sembunyikan', '', ''),
(1581, '17544', 'c525c5b4aeee6eafd496d0d0cc424ced', 'Siswa', 'aktif', 0, '', '0000-00-00 00:00:00', '0000-00-00 00:00:00', 'Renhard H. Silitonga ', '', 'sembunyikan', 'sembunyikan', '', ''),
(1580, '17543', 'e90cf065b8feb3cc423ed91808e53a1d', 'Siswa', 'aktif', 0, '', '0000-00-00 00:00:00', '0000-00-00 00:00:00', 'Regine Audrea Yoto', '', 'sembunyikan', 'sembunyikan', '', ''),
(1579, '17516', 'c97fc9737012376eee6fe4e2c9191c4d', 'Siswa', 'aktif', 0, '', '0000-00-00 00:00:00', '0000-00-00 00:00:00', 'Michael Suseno', '', 'sembunyikan', 'sembunyikan', '', ''),
(1578, '17513', '5faa4ad014bbddf9ae4006a0f03085e0', 'Siswa', 'aktif', 0, '', '0000-00-00 00:00:00', '0000-00-00 00:00:00', 'Michael Liegantara', '', 'sembunyikan', 'sembunyikan', '', ''),
(1577, '17491', '63cf8ae5aa08cb59818f341fefa94618', 'Siswa', 'aktif', 0, '', '0000-00-00 00:00:00', '0000-00-00 00:00:00', 'Madeline Audryana', '', 'sembunyikan', 'sembunyikan', '', ''),
(1576, '17488', '8e412306104ba7f5a5a062d02d85e0ce', 'Siswa', 'aktif', 0, '', '0000-00-00 00:00:00', '0000-00-00 00:00:00', 'Lucas Himawan Yonathan Kahar', '', 'sembunyikan', 'sembunyikan', '', ''),
(1575, '17476', '669682950cf309c75581fb49f3e2cef2', 'Siswa', 'aktif', 0, '', '0000-00-00 00:00:00', '0000-00-00 00:00:00', 'Kristian Kevin Suyono', '', 'sembunyikan', 'sembunyikan', '', ''),
(1574, '17474', '0af07e9885819ecb85897611e758433b', 'Siswa', 'aktif', 0, '', '0000-00-00 00:00:00', '0000-00-00 00:00:00', 'Kristanto', '', 'sembunyikan', 'sembunyikan', '', ''),
(1573, '17466', '28d50693bf6468465b80ff533f183d6c', 'Siswa', 'aktif', 0, '', '0000-00-00 00:00:00', '0000-00-00 00:00:00', 'Kevin Santoso', '', 'sembunyikan', 'sembunyikan', '', ''),
(1572, '17453', '71014f3b2f3b8f52e2d6ee2304db7e95', 'Siswa', 'aktif', 0, '', '0000-00-00 00:00:00', '0000-00-00 00:00:00', 'Jonathan Chandra', '', 'sembunyikan', 'sembunyikan', '', ''),
(1571, '17435', '230412c7a68201e0be2f5d4fb9d442b4', 'Siswa', 'aktif', 0, '', '0000-00-00 00:00:00', '0000-00-00 00:00:00', 'Ingrid Gotama', '', 'sembunyikan', 'sembunyikan', '', ''),
(1570, '17424', 'b8495c2456f8d77f2cf541e54c66f5b3', 'Siswa', 'aktif', 0, '', '0000-00-00 00:00:00', '0000-00-00 00:00:00', 'Heinrich Wisesa', '', 'sembunyikan', 'sembunyikan', '', ''),
(1569, '17421', '4afc974d7501498dac2fbcf27de46d34', 'Siswa', 'aktif', 0, '', '0000-00-00 00:00:00', '0000-00-00 00:00:00', 'Gwyneth Audrey Sutikno', '', 'sembunyikan', 'sembunyikan', '', ''),
(1568, '17412', '008a0e182c42176b099db8424e01efb9', 'Siswa', 'aktif', 0, '', '0000-00-00 00:00:00', '0000-00-00 00:00:00', 'Grace Layrensius', '', 'sembunyikan', 'sembunyikan', '', ''),
(1567, '17391', 'df543abd114ce563a23341c8a0707de6', 'Siswa', 'aktif', 0, '', '0000-00-00 00:00:00', '0000-00-00 00:00:00', 'Ferly Saputra', '', 'sembunyikan', 'sembunyikan', '', ''),
(1566, '17380', 'e9cb54cbc877fe2cf2bc1293d2ec1254', 'Siswa', 'aktif', 0, '', '0000-00-00 00:00:00', '0000-00-00 00:00:00', 'Felicia', '', 'sembunyikan', 'sembunyikan', '', ''),
(1565, '17376', '60b8b65c7b7342a9caa07a07aea0ccac', 'Siswa', 'aktif', 0, '', '0000-00-00 00:00:00', '0000-00-00 00:00:00', 'Evelyn Miranda', '', 'sembunyikan', 'sembunyikan', '', ''),
(1564, '17371', '88208501a921a590548019fa0e64fc4a', 'Siswa', 'aktif', 0, '', '0000-00-00 00:00:00', '0000-00-00 00:00:00', 'Enrico Dave Dunda', '', 'sembunyikan', 'sembunyikan', '', ''),
(1563, '17366', '2f1818a43b894e125d0f8efc144bc2c6', 'Siswa', 'aktif', 0, '', '0000-00-00 00:00:00', '0000-00-00 00:00:00', 'Elvaretta Aurellie', '', 'sembunyikan', 'sembunyikan', '', ''),
(1562, '17359', '1a69e2bdf33aa15664ad3c3cfb4d9453', 'Siswa', 'aktif', 0, '', '0000-00-00 00:00:00', '0000-00-00 00:00:00', 'Elisa RenaldoAndriessen', '', 'sembunyikan', 'sembunyikan', '', ''),
(1561, '17348', '37953cab902d1f698bfb59b54d5e6369', 'Siswa', 'aktif', 0, '', '0000-00-00 00:00:00', '0000-00-00 00:00:00', 'David Wiyono', '', 'sembunyikan', 'sembunyikan', '', ''),
(1560, '17347', '45d77b8a40a2dcc87d0b55ea78dfa4f8', 'Siswa', 'aktif', 0, '', '0000-00-00 00:00:00', '0000-00-00 00:00:00', 'Darryl Axel Antonio', '', 'sembunyikan', 'sembunyikan', '', ''),
(1559, '17338', 'ed2c74e394df9bcf67db4c5172c27f96', 'Siswa', 'aktif', 0, '', '0000-00-00 00:00:00', '0000-00-00 00:00:00', 'Cliffaye Aurellia Wheatley', '', 'sembunyikan', 'sembunyikan', '', ''),
(1558, '17334', '968f3d328fce0313aa636ba29c1b1fa9', 'Siswa', 'aktif', 0, '', '0000-00-00 00:00:00', '0000-00-00 00:00:00', 'Christoper Putera', '', 'sembunyikan', 'sembunyikan', '', ''),
(1557, '17333', 'c8c3924a3385b6c14b4420f557b60608', 'Siswa', 'aktif', 0, '', '0000-00-00 00:00:00', '0000-00-00 00:00:00', 'Christina Yunita Widjaja', '', 'sembunyikan', 'sembunyikan', '', ''),
(1556, '17328', '259f6be2870132cc7f00ee95bec44681', 'Siswa', 'aktif', 0, '', '0000-00-00 00:00:00', '0000-00-00 00:00:00', 'Caroline Vania Angela', '', 'sembunyikan', 'sembunyikan', '', ''),
(1555, '17323', 'bb0a313f554c3a2b6e9944368512bb9b', 'Siswa', 'aktif', 0, '', '0000-00-00 00:00:00', '0000-00-00 00:00:00', 'Bryan Marcellino', '', 'sembunyikan', 'sembunyikan', '', ''),
(1554, '17316', '6b219d75118d8793048bde740a3c9e60', 'Siswa', 'aktif', 0, '', '0000-00-00 00:00:00', '0000-00-00 00:00:00', 'Bobby Hartanto', '', 'sembunyikan', 'sembunyikan', '', ''),
(1553, '17310', '9da6afb4840df51ceee399e5dea42598', 'Siswa', 'aktif', 0, '', '0000-00-00 00:00:00', '0000-00-00 00:00:00', 'Belinda Aniela Reynardi', '', 'sembunyikan', 'sembunyikan', '', ''),
(1552, '17305', '87dbbcde02455fc1add054b412a87714', 'Siswa', 'aktif', 0, '', '0000-00-00 00:00:00', '0000-00-00 00:00:00', 'Ariella Sugiarta', '', 'sembunyikan', 'sembunyikan', '', ''),
(1551, '17279', '87da00efc5e7f70a6361d0492957b9cc', 'Siswa', 'aktif', 0, '', '0000-00-00 00:00:00', '0000-00-00 00:00:00', 'Amanda Tosya', '', 'sembunyikan', 'sembunyikan', '', ''),
(1550, '17254', '7bee77d38f5089708e786b75b0b61748', 'Siswa', 'aktif', 0, '', '0000-00-00 00:00:00', '0000-00-00 00:00:00', 'Aaron Patrick', '', 'sembunyikan', 'sembunyikan', '', ''),
(1549, '17636', '5460f9517da5575f9b99baca6b56628e', 'Siswa', 'aktif', 0, '', '0000-00-00 00:00:00', '0000-00-00 00:00:00', 'Yohanes David Winata', '', 'sembunyikan', 'sembunyikan', '', ''),
(1548, '17635', '8e9122fa7ac8483b423d3c591d9972a1', 'Siswa', 'aktif', 0, '', '0000-00-00 00:00:00', '0000-00-00 00:00:00', 'Yoggi Kuncoro', '', 'sembunyikan', 'sembunyikan', '', ''),
(1547, '17629', 'b497033de877534e7f783d78c2b78fb6', 'Siswa', 'aktif', 0, '', '0000-00-00 00:00:00', '0000-00-00 00:00:00', 'Wilson Suryawan', '', 'sembunyikan', 'sembunyikan', '', ''),
(1546, '17613', 'f89c3e51ae1979d52092d5e64fe06f5f', 'Siswa', 'aktif', 0, '', '0000-00-00 00:00:00', '0000-00-00 00:00:00', 'Vincent Gerardy', '', 'sembunyikan', 'sembunyikan', '', ''),
(1545, '17608', '8eb9becbba23d2ccdccddd9ac3f4a02d', 'Siswa', 'aktif', 0, '', '0000-00-00 00:00:00', '0000-00-00 00:00:00', 'Vania Budiharjo', '', 'sembunyikan', 'sembunyikan', '', ''),
(1544, '17597', '07844316ab7bf7fb3e3378086ddd2ac5', 'Siswa', 'aktif', 0, '', '0000-00-00 00:00:00', '0000-00-00 00:00:00', 'Thomas Michael Leon', '', 'sembunyikan', 'sembunyikan', '', ''),
(1543, '17589', '45efb53717e251fff467ff439bbce62e', 'Siswa', 'aktif', 0, '', '0000-00-00 00:00:00', '0000-00-00 00:00:00', 'Tania', '', 'sembunyikan', 'sembunyikan', '', ''),
(1542, '17573', '158ca628a01a9aac19a4ffa80e7ea86d', 'Siswa', 'aktif', 0, '', '0000-00-00 00:00:00', '0000-00-00 00:00:00', 'Stefanus Fany Nagas Pamungkas', '', 'sembunyikan', 'sembunyikan', '', ''),
(1541, '17564', '8e200fc779d0a8e7eaba42e877f0a5c0', 'Siswa', 'aktif', 0, '', '0000-00-00 00:00:00', '0000-00-00 00:00:00', 'Sherina Angelina ', '', 'sembunyikan', 'sembunyikan', '', ''),
(1540, '17556', '1af2f80dc87577a2c309b3ee992a07c5', 'Siswa', 'aktif', 0, '', '0000-00-00 00:00:00', '0000-00-00 00:00:00', 'Rosseline Veronika', '', 'sembunyikan', 'sembunyikan', '', ''),
(1539, '17541', '596239013dbdab4591cefef9be5a5f58', 'Siswa', 'aktif', 0, '', '0000-00-00 00:00:00', '0000-00-00 00:00:00', 'Pieter Bryan Ang', '', 'sembunyikan', 'sembunyikan', '', ''),
(1538, '17529', '4fa87f4ab207dc8c3e6126a0b7734d3c', 'Siswa', 'aktif', 0, '', '0000-00-00 00:00:00', '0000-00-00 00:00:00', 'Nico Sanjaya', '', 'sembunyikan', 'sembunyikan', '', ''),
(1537, '17510', '3535fe1ed017a0632931c06769692cc4', 'Siswa', 'aktif', 0, '', '0000-00-00 00:00:00', '0000-00-00 00:00:00', 'Michael', '', 'sembunyikan', 'sembunyikan', '', ''),
(1536, '17508', '529d61de9a04a13e71dad539be290df4', 'Siswa', 'aktif', 0, '', '0000-00-00 00:00:00', '0000-00-00 00:00:00', 'Mellynia Amzali', '', 'sembunyikan', 'sembunyikan', '', ''),
(1535, '17487', 'b5845b28131e33e1ece69f1a335c807e', 'Siswa', 'aktif', 0, '', '0000-00-00 00:00:00', '0000-00-00 00:00:00', 'Lourra Gusmar', '', 'sembunyikan', 'sembunyikan', '', ''),
(1534, '17486', 'dc4eede4a4c7cc9e6fdbb36d5b04c372', 'Siswa', 'aktif', 0, '', '0000-00-00 00:00:00', '0000-00-00 00:00:00', 'Lourensia', '', 'sembunyikan', 'sembunyikan', '', ''),
(1533, '17484', 'e6326390cc3cf594bbd691bc13b6f0ff', 'Siswa', 'aktif', 0, '', '0000-00-00 00:00:00', '0000-00-00 00:00:00', 'Lienny Ferlinda', '', 'sembunyikan', 'sembunyikan', '', ''),
(1532, '17481', '821fc6911dba0d124d68dd77901923d6', 'Siswa', 'aktif', 0, '', '0000-00-00 00:00:00', '0000-00-00 00:00:00', 'Leonardo Indra Wijaya', '', 'sembunyikan', 'sembunyikan', '', ''),
(1531, '17478', '9684bb9ec9d685632ee47174ed6f2dd5', 'Siswa', 'aktif', 0, '', '0000-00-00 00:00:00', '0000-00-00 00:00:00', 'Laurensius Alexander', '', 'sembunyikan', 'sembunyikan', '', ''),
(1530, '17471', 'ddc751074ed4db1ce8e65aec173d16e3', 'Siswa', 'aktif', 0, '', '0000-00-00 00:00:00', '0000-00-00 00:00:00', 'Kireina Kameloeh N.O.S Garang', '', 'sembunyikan', 'sembunyikan', '', ''),
(1529, '17468', '59a6cd2175a468225a105a7cd7f20ec4', 'Siswa', 'aktif', 0, '', '0000-00-00 00:00:00', '0000-00-00 00:00:00', 'Keziah Glenys Smithwa, usa', '', 'sembunyikan', 'sembunyikan', '', ''),
(1528, '17463', '9b01b09edbdae327a17ccc47cc5c6992', 'Siswa', 'aktif', 0, '', '0000-00-00 00:00:00', '0000-00-00 00:00:00', 'Kevin Harnandi Lukito', '', 'sembunyikan', 'sembunyikan', '', ''),
(1527, '17456', 'c170720310dba87cccbaebd83ea6ace9', 'Siswa', 'aktif', 0, '', '0000-00-00 00:00:00', '0000-00-00 00:00:00', 'Jovita Nathania Gunawan', '', 'sembunyikan', 'sembunyikan', '', ''),
(1526, '17448', 'd644c7cbbb1064491c3b1334c99b25c8', 'Siswa', 'aktif', 0, '', '0000-00-00 00:00:00', '0000-00-00 00:00:00', 'Jevon', '', 'sembunyikan', 'sembunyikan', '', ''),
(1525, '17433', '37af59b4a68791992c064eefe4a1c94d', 'Siswa', 'aktif', 0, '', '0000-00-00 00:00:00', '0000-00-00 00:00:00', 'Ignatius Steven Go', '', 'sembunyikan', 'sembunyikan', '', ''),
(1524, '17431', '75e1fde950f70229d6daa97a83587856', 'Siswa', 'aktif', 0, '', '0000-00-00 00:00:00', '0000-00-00 00:00:00', 'Ignatius Leonard Oeijaya', '', 'sembunyikan', 'sembunyikan', '', ''),
(1523, '17428', '7bbeb6ee3bfac6732d2df45227ae0e69', 'Siswa', 'aktif', 0, '', '0000-00-00 00:00:00', '0000-00-00 00:00:00', 'I Putu Charles Yuanuar', '', 'sembunyikan', 'sembunyikan', '', ''),
(1522, '17416', '259c22cfdc742412a89fe293b53c6e94', 'Siswa', 'aktif', 0, '', '0000-00-00 00:00:00', '0000-00-00 00:00:00', 'Graciella Vernanda G', '', 'sembunyikan', 'sembunyikan', '', ''),
(1521, '17362', '78e47c847242a09b099c9100497a3cb4', 'Siswa', 'aktif', 0, '', '0000-00-00 00:00:00', '0000-00-00 00:00:00', 'Elizabeth Fiona Cahyadi', '', 'sembunyikan', 'sembunyikan', '', ''),
(1520, '17354', '7fa2bf754c748d931e34e03e032f4e72', 'Siswa', 'aktif', 0, '', '0000-00-00 00:00:00', '0000-00-00 00:00:00', 'Devina Indrawati Wijaya', '', 'sembunyikan', 'sembunyikan', '', ''),
(1519, '17353', 'b69ac29d2300c14063391edd38df9910', 'Siswa', 'aktif', 0, '', '0000-00-00 00:00:00', '0000-00-00 00:00:00', 'Devina Aprilya', '', 'sembunyikan', 'sembunyikan', '', ''),
(1518, '17351', '2927189f575caa14640d46a82f7c30d3', 'Siswa', 'aktif', 0, '', '0000-00-00 00:00:00', '0000-00-00 00:00:00', 'Deogracianno Lucky', '', 'sembunyikan', 'sembunyikan', '', ''),
(1517, '17329', 'd225f07436e0075a13ffd66eae614707', 'Siswa', 'aktif', 0, '', '0000-00-00 00:00:00', '0000-00-00 00:00:00', 'Christian Alvin', '', 'sembunyikan', 'sembunyikan', '', ''),
(1516, '17324', 'cd0cf300399ab394be7892d2048f7898', 'Siswa', 'aktif', 0, '', '0000-00-00 00:00:00', '0000-00-00 00:00:00', 'Carly Stacialie', '', 'sembunyikan', 'sembunyikan', '', ''),
(1515, '17322', '82d7316e019b5fbd2889b907e203aa32', 'Siswa', 'aktif', 0, '', '0000-00-00 00:00:00', '0000-00-00 00:00:00', 'Bryan Kurniawan Sucipta', '', 'sembunyikan', 'sembunyikan', '', ''),
(1514, '17311', '61d8c968f0a66dcf2b05982bdccb484b', 'Siswa', 'aktif', 0, '', '0000-00-00 00:00:00', '0000-00-00 00:00:00', 'Bella Leticia', '', 'sembunyikan', 'sembunyikan', '', ''),
(1513, '17307', 'f50f73e7e7cab902f8053efa57918bd3', 'Siswa', 'aktif', 0, '', '0000-00-00 00:00:00', '0000-00-00 00:00:00', 'Ayliana Virrena', '', 'sembunyikan', 'sembunyikan', '', ''),
(1512, '17304', '9bf3dbf0c2efd551ca832b9b6800749c', 'Siswa', 'aktif', 0, '', '0000-00-00 00:00:00', '0000-00-00 00:00:00', 'Antony Candra Halim', '', 'sembunyikan', 'sembunyikan', '', ''),
(1511, '17269', '2b0499a38c552014f2ff4a1df8abe8d2', 'Siswa', 'aktif', 0, '', '0000-00-00 00:00:00', '0000-00-00 00:00:00', 'Alexander Hartono', '', 'sembunyikan', 'sembunyikan', '', ''),
(1510, '17637', '01991b6bec4ceacaf9fd8748b7fa0698', 'Siswa', 'aktif', 0, '', '0000-00-00 00:00:00', '0000-00-00 00:00:00', 'Yohanes Kelvin Hofianto', '', 'sembunyikan', 'sembunyikan', '', ''),
(1509, '17633', 'ef58947dc33e8fc85af0f246352112f7', 'Siswa', 'aktif', 0, '', '0000-00-00 00:00:00', '0000-00-00 00:00:00', 'Yoana Dian Pramestuti', '', 'sembunyikan', 'sembunyikan', '', ''),
(1508, '17626', '5c9d54bf8c2ade6c7ad0bafd578e5f09', 'Siswa', 'aktif', 0, '', '0000-00-00 00:00:00', '0000-00-00 00:00:00', 'William Gondowidjaja', '', 'sembunyikan', 'sembunyikan', '', ''),
(1507, '17620', 'e860392d1fe54c1c4a37f46e2ed359fb', 'Siswa', 'aktif', 0, '', '0000-00-00 00:00:00', '0000-00-00 00:00:00', 'Wibisono Hartadi', '', 'sembunyikan', 'sembunyikan', '', ''),
(1506, '17609', 'b1e599027f1e34e93338612d2fcf1ad1', 'Siswa', 'aktif', 0, '', '0000-00-00 00:00:00', '0000-00-00 00:00:00', 'Velisa Tanaya', '', 'sembunyikan', 'sembunyikan', '', ''),
(1505, '17605', 'ec8da1b5980e5c90358cfe8ffee27108', 'Siswa', 'aktif', 0, '', '0000-00-00 00:00:00', '0000-00-00 00:00:00', 'Valerie', '', 'sembunyikan', 'sembunyikan', '', ''),
(1504, '17595', '8efa2947340ebba3304c9a0374a037e7', 'Siswa', 'aktif', 0, '', '0000-00-00 00:00:00', '0000-00-00 00:00:00', 'Thalia Marvelyn Satya', '', 'sembunyikan', 'sembunyikan', '', ''),
(1503, '17576', '0200485a867c03eb6d1469fb284333f2', 'Siswa', 'aktif', 0, '', '0000-00-00 00:00:00', '0000-00-00 00:00:00', 'Steffi Elizabeth Hermanto', '', 'sembunyikan', 'sembunyikan', '', ''),
(1502, '17572', 'a7c20df233e5af0c709cb37d7f5ba3fd', 'Siswa', 'aktif', 0, '', '0000-00-00 00:00:00', '0000-00-00 00:00:00', 'Stefanie Wibowo', '', 'sembunyikan', 'sembunyikan', '', ''),
(1501, '17552', 'de713869d1db126cff30a1fc0e990962', 'Siswa', 'aktif', 0, '', '0000-00-00 00:00:00', '0000-00-00 00:00:00', 'Ritchie Jasper Liem', '', 'sembunyikan', 'sembunyikan', '', ''),
(1500, '17551', 'ff328be2f8736ee3709a537622dc4f90', 'Siswa', 'aktif', 0, '', '0000-00-00 00:00:00', '0000-00-00 00:00:00', 'Richard Soegito', '', 'sembunyikan', 'sembunyikan', '', ''),
(1499, '17546', '35cf0f704286108deb76366a16415140', 'Siswa', 'aktif', 0, '', '0000-00-00 00:00:00', '0000-00-00 00:00:00', 'Reynaldy Susiandi', '', 'sembunyikan', 'sembunyikan', '', ''),
(1498, '17537', '09d748adfe5109a59f214f25e80697d1', 'Siswa', 'aktif', 0, '', '0000-00-00 00:00:00', '0000-00-00 00:00:00', 'Patricia Claudiana Bulin', '', 'sembunyikan', 'sembunyikan', '', ''),
(1497, '17479', '11b028954c6671b7d75743a2b78b2afe', 'Siswa', 'aktif', 0, '', '0000-00-00 00:00:00', '0000-00-00 00:00:00', 'Lay Reinaldy Limina', '', 'sembunyikan', 'sembunyikan', '', ''),
(1496, '17452', 'c0f48c8ab1b8e41d825d24714e851659', 'Siswa', 'aktif', 0, '', '0000-00-00 00:00:00', '0000-00-00 00:00:00', 'Jonathan Adrianus', '', 'sembunyikan', 'sembunyikan', '', ''),
(1495, '17429', 'f91ee142269ec908c23e1cd87286e254', 'Siswa', 'aktif', 0, '', '0000-00-00 00:00:00', '0000-00-00 00:00:00', 'Ignasius Reynold Sevtiando Geraldy', '', 'sembunyikan', 'sembunyikan', '', ''),
(1494, '17422', 'd59100468f1e33cb2d178fdef77412d5', 'Siswa', 'aktif', 0, '', '0000-00-00 00:00:00', '0000-00-00 00:00:00', 'Hana July Suryani', '', 'sembunyikan', 'sembunyikan', '', ''),
(1493, '17418', '85e1b8bbda1bd1ec3465c9728f7d7d2e', 'Siswa', 'aktif', 0, '', '0000-00-00 00:00:00', '0000-00-00 00:00:00', 'Gregorius Dwikurniawan', '', 'sembunyikan', 'sembunyikan', '', ''),
(1492, '17398', 'be707b06fa79de553a95e394d0045909', 'Siswa', 'aktif', 0, '', '0000-00-00 00:00:00', '0000-00-00 00:00:00', 'Francisca Meliani', '', 'sembunyikan', 'sembunyikan', '', ''),
(1491, '17390', 'd4ce44f39a4a99bb1fe0f14e5330e6d4', 'Siswa', 'aktif', 0, '', '0000-00-00 00:00:00', '0000-00-00 00:00:00', 'Feressa Priscilla Horman', '', 'sembunyikan', 'sembunyikan', '', ''),
(1490, '17384', 'e419ad025df62fbc3cc87331f5bf56cd', 'Siswa', 'aktif', 0, '', '0000-00-00 00:00:00', '0000-00-00 00:00:00', 'Felix Avellino', '', 'sembunyikan', 'sembunyikan', '', ''),
(1489, '17377', '5a9426805d4885fc7fcc0012344e6c36', 'Siswa', 'aktif', 0, '', '0000-00-00 00:00:00', '0000-00-00 00:00:00', 'Evelyn Tjitrodjojo', '', 'sembunyikan', 'sembunyikan', '', ''),
(1488, '17375', 'a2a6a5c6ea38cac0864685dffaea8e92', 'Siswa', 'aktif', 0, '', '0000-00-00 00:00:00', '0000-00-00 00:00:00', 'Evelina Larisa', '', 'sembunyikan', 'sembunyikan', '', ''),
(1487, '17370', '33db745ffcbd935024b94941e34a25a6', 'Siswa', 'aktif', 0, '', '0000-00-00 00:00:00', '0000-00-00 00:00:00', 'Enrico Austria Lieger', '', 'sembunyikan', 'sembunyikan', '', ''),
(1486, '17361', 'e0ddc27e24c6e49ace5a5dcef6c784eb', 'Siswa', 'aktif', 0, '', '0000-00-00 00:00:00', '0000-00-00 00:00:00', 'Elisabeth Novianti', '', 'sembunyikan', 'sembunyikan', '', ''),
(1485, '17358', '7ffe81740cade70f9263a9975441c473', 'Siswa', 'aktif', 0, '', '0000-00-00 00:00:00', '0000-00-00 00:00:00', 'Edvardo Peter Handojo', '', 'sembunyikan', 'sembunyikan', '', ''),
(1484, '17355', 'b9bcc60258dde4ef7c2b85914046f4c0', 'Siswa', 'aktif', 0, '', '0000-00-00 00:00:00', '0000-00-00 00:00:00', 'Dionisius Rocky Cahyadi', '', 'sembunyikan', 'sembunyikan', '', ''),
(1483, '17331', '95cbccd215b174ddee376b6eb425975a', 'Siswa', 'aktif', 0, '', '0000-00-00 00:00:00', '0000-00-00 00:00:00', 'Christian Limantara', '', 'sembunyikan', 'sembunyikan', '', ''),
(1482, '17308', '134dd796229f80f23b75af20495b8d50', 'Siswa', 'aktif', 0, '', '0000-00-00 00:00:00', '0000-00-00 00:00:00', 'Beata Angela Ajinata', '', 'sembunyikan', 'sembunyikan', '', ''),
(1481, '17277', '3327825a046f5ff48e57dcc7046e9ee4', 'Siswa', 'aktif', 0, '', '0000-00-00 00:00:00', '0000-00-00 00:00:00', 'Alvin Hadi Setiawan', '', 'sembunyikan', 'sembunyikan', '', ''),
(1480, '17260', '278343ac714751e68175058a9bfb4e43', 'Siswa', 'aktif', 0, '', '0000-00-00 00:00:00', '0000-00-00 00:00:00', 'Alan Dharma Saputra', '', 'sembunyikan', 'sembunyikan', '', ''),
(1479, '17480', 'f63ca18283fce920f258fe42b153b199', 'Siswa', 'aktif', 0, '2015-08-12 12:57:22', '0000-00-00 00:00:00', '0000-00-00 00:00:00', 'Leonardo Di''Caprio Layunwira', '', 'sembunyikan', 'sembunyikan', '', ''),
(1478, '17624', '840e533271f836f24bfa8d33ddb87211', 'Siswa', 'aktif', 0, '', '0000-00-00 00:00:00', '0000-00-00 00:00:00', 'William Axel Rinaldi', '', 'sembunyikan', 'sembunyikan', '', ''),
(1477, '17611', 'f46b28e1e1b9a56483b1e4058f9f9d97', 'Siswa', 'aktif', 0, '', '0000-00-00 00:00:00', '0000-00-00 00:00:00', 'Victoria Brigifine Valiant Tantra', '', 'sembunyikan', 'sembunyikan', '', ''),
(1476, '17600', '82a008560ab8fa4bd01994e2ff52bb6a', 'Siswa', 'aktif', 0, '', '0000-00-00 00:00:00', '0000-00-00 00:00:00', 'Tiffany Halim', '', 'sembunyikan', 'sembunyikan', '', ''),
(1475, '17599', 'ae64862963de122e67bd777f85f5bfb9', 'Siswa', 'aktif', 0, '', '0000-00-00 00:00:00', '0000-00-00 00:00:00', 'Tiffani Audrey', '', 'sembunyikan', 'sembunyikan', '', ''),
(1474, '17592', '346c8eab253450c0b3f19020048c427b', 'Siswa', 'aktif', 0, '', '0000-00-00 00:00:00', '0000-00-00 00:00:00', 'Teddy Wijaya Pangestu', '', 'sembunyikan', 'sembunyikan', '', ''),
(1473, '17590', '1a26a28c4beba1bd232cd88b972438cd', 'Siswa', 'aktif', 0, '', '0000-00-00 00:00:00', '0000-00-00 00:00:00', 'Tania Agustin Sutanto', '', 'sembunyikan', 'sembunyikan', '', ''),
(1472, '17582', '821908af0ae3251a195e057f06bd9e64', 'Siswa', 'aktif', 0, '', '0000-00-00 00:00:00', '0000-00-00 00:00:00', 'Steven Andreas Tedja', '', 'sembunyikan', 'sembunyikan', '', ''),
(1471, '17555', '9b20ac4d9a8059cae3c7c4733bbc40a3', 'Siswa', 'aktif', 0, '', '0000-00-00 00:00:00', '0000-00-00 00:00:00', 'Ronaldo Davincent Tandiono', '', 'sembunyikan', 'sembunyikan', '', ''),
(1470, '17548', 'e3acbb1b8d6b8a3fa347ff7db92fa478', 'Siswa', 'aktif', 0, '', '0000-00-00 00:00:00', '0000-00-00 00:00:00', 'Richard Franklin K.', '', 'sembunyikan', 'sembunyikan', '', ''),
(1469, '17545', '441db0432de328365adeae37fbee3920', 'Siswa', 'aktif', 0, '', '0000-00-00 00:00:00', '0000-00-00 00:00:00', 'Reynaldi Fernando', '', 'sembunyikan', 'sembunyikan', '', ''),
(1468, '17522', '0ac60fb446a982fcac0ae0e3b4d9532c', 'Siswa', 'aktif', 0, '', '0000-00-00 00:00:00', '0000-00-00 00:00:00', 'Michellia Lois Dayoh', '', 'sembunyikan', 'sembunyikan', '', ''),
(1467, '17520', '478423056f0942a464052ccc8e0d064d', 'Siswa', 'aktif', 0, '', '0000-00-00 00:00:00', '0000-00-00 00:00:00', 'Michelle Hendrawan', '', 'sembunyikan', 'sembunyikan', '', ''),
(1466, '17503', 'dee767f49e1cf1ddd63e3bbe57489542', 'Siswa', 'aktif', 0, '', '0000-00-00 00:00:00', '0000-00-00 00:00:00', 'Mega Permata Octaxena Dinarsis P.P', '', 'sembunyikan', 'sembunyikan', '', ''),
(1465, '17496', 'a8f9c922be3d2559a3b6da1429bc1301', 'Siswa', 'aktif', 0, '', '0000-00-00 00:00:00', '0000-00-00 00:00:00', 'Martha Aji Kuntadewi', '', 'sembunyikan', 'sembunyikan', '', ''),
(1464, '17483', 'b0b1d24f68e3d6a9f855e424c4f0c9b6', 'Siswa', 'aktif', 0, '', '0000-00-00 00:00:00', '0000-00-00 00:00:00', 'Lie Adelia Chinvika Belawati', '', 'sembunyikan', 'sembunyikan', '', ''),
(1463, '17464', '02815b1a3dc973058fd3b2d33a1e5386', 'Siswa', 'aktif', 0, '', '0000-00-00 00:00:00', '0000-00-00 00:00:00', 'Kevin Lunganto', '', 'sembunyikan', 'sembunyikan', '', ''),
(1462, '17461', 'aac365f9b7c5ac053a861093dcf0c125', 'Siswa', 'aktif', 0, '', '0000-00-00 00:00:00', '0000-00-00 00:00:00', 'Kevin Angka Wijaya', '', 'sembunyikan', 'sembunyikan', '', ''),
(1461, '17460', '887d5a5e5026349023b761a2dcfb4e86', 'Siswa', 'aktif', 0, '', '0000-00-00 00:00:00', '0000-00-00 00:00:00', 'Kenny Susanto', '', 'sembunyikan', 'sembunyikan', '', ''),
(1460, '17441', '50ac4b2d6257c591a057a922533f77d5', 'Siswa', 'aktif', 0, '', '0000-00-00 00:00:00', '0000-00-00 00:00:00', 'Jane Tennia Dwi Putri', '', 'sembunyikan', 'sembunyikan', '', ''),
(1459, '17439', 'e70de62089437170ecc38a7487295dbb', 'Siswa', 'aktif', 0, '', '0000-00-00 00:00:00', '0000-00-00 00:00:00', 'Ivone', '', 'sembunyikan', 'sembunyikan', '', ''),
(1458, '17406', '2760e894ae70a26f9e0ffb5ebb51dab4', 'Siswa', 'aktif', 0, '', '0000-00-00 00:00:00', '0000-00-00 00:00:00', 'Georgia Nikita', '', 'sembunyikan', 'sembunyikan', '', ''),
(1457, '17399', '612b768cef375638fa5bf6d0e88a9262', 'Siswa', 'aktif', 0, '', '0000-00-00 00:00:00', '0000-00-00 00:00:00', 'Francisco Aaron', '', 'sembunyikan', 'sembunyikan', '', ''),
(1456, '17374', 'ba1d96789cd23612473b9ddfc6d5fd22', 'Siswa', 'aktif', 0, '', '0000-00-00 00:00:00', '0000-00-00 00:00:00', 'Eugene Jappy', '', 'sembunyikan', 'sembunyikan', '', ''),
(1455, '17349', '0a6b81775eca5ee27b72deef7972375a', 'Siswa', 'aktif', 0, '', '0000-00-00 00:00:00', '0000-00-00 00:00:00', 'Delvin Laurence', '', 'sembunyikan', 'sembunyikan', '', ''),
(1454, '17342', 'f7df51ba7df696f03c9037d67fabd286', 'Siswa', 'aktif', 0, '', '0000-00-00 00:00:00', '0000-00-00 00:00:00', 'Cristina Lawby', '', 'sembunyikan', 'sembunyikan', '', ''),
(1453, '17325', 'b9f1a83c68c36088e57821bdb90f77f2', 'Siswa', 'aktif', 0, '', '0000-00-00 00:00:00', '0000-00-00 00:00:00', 'Caroline Chikita Kezia Sila', '', 'sembunyikan', 'sembunyikan', '', ''),
(1452, '17297', 'b20ab15a36e8643d52041a1cbce997e5', 'Siswa', 'aktif', 0, '', '0000-00-00 00:00:00', '0000-00-00 00:00:00', 'Anthony Aurelius Tene', '', 'sembunyikan', 'sembunyikan', '', ''),
(1451, '17285', 'cef21a66d373d6285f35519d5260c676', 'Siswa', 'aktif', 0, '', '0000-00-00 00:00:00', '0000-00-00 00:00:00', 'Andre Luciano F. Chaery', '', 'sembunyikan', 'sembunyikan', '', ''),
(1450, '17281', '9abe545d4c2bedb37146f4ae4507db3e', 'Siswa', 'aktif', 0, '', '0000-00-00 00:00:00', '0000-00-00 00:00:00', 'Anastasya Sienny Citra Anggoro', '', 'sembunyikan', 'sembunyikan', '', '');
INSERT INTO `useraura` (`UserId`, `user`, `password`, `level`, `tipe`, `is_online`, `last_ping`, `start`, `exp`, `nama`, `photo`, `statusemail`, `statustelp`, `email`, `telp`) VALUES
(1449, '17273', '01bd952c8d65168cca96db47d865cd89', 'Siswa', 'aktif', 0, '', '0000-00-00 00:00:00', '0000-00-00 00:00:00', 'Alexandro Glen Da Costa Rao', '', 'sembunyikan', 'sembunyikan', '', ''),
(1448, '17264', 'f8aee2c37235d0f679aa23371280367e', 'Siswa', 'aktif', 0, '', '0000-00-00 00:00:00', '0000-00-00 00:00:00', 'Aldi Ongkojaya', '', 'sembunyikan', 'sembunyikan', '', ''),
(1447, '17262', '0b823d8b45ee3eaf26e538b6cff6f451', 'Siswa', 'aktif', 0, '', '0000-00-00 00:00:00', '0000-00-00 00:00:00', 'Alber Tjan', '', 'sembunyikan', 'sembunyikan', '', ''),
(1446, '17257', 'fada3d8ed2d4a4ace2863798fece05ac', 'Siswa', 'aktif', 0, '', '0000-00-00 00:00:00', '0000-00-00 00:00:00', 'Adi Setyo Nugroho', '', 'sembunyikan', 'sembunyikan', '', ''),
(1445, '17638', '4ab35559cc92240547c18e228f234484', 'Siswa', 'aktif', 0, '', '0000-00-00 00:00:00', '0000-00-00 00:00:00', 'Yolanda Katharina Constantin S.', '', 'sembunyikan', 'sembunyikan', '', ''),
(1444, '17610', 'a9ab7197d8b7136352134db6652cd034', 'Siswa', 'aktif', 0, '', '0000-00-00 00:00:00', '0000-00-00 00:00:00', 'Veronica Cyntia', '', 'sembunyikan', 'sembunyikan', '', ''),
(1443, '17606', '7b308824b9a5a738569e0908bd7c9656', 'Siswa', 'aktif', 0, '', '0000-00-00 00:00:00', '0000-00-00 00:00:00', 'Vanessa Cicilia Halim', '', 'sembunyikan', 'sembunyikan', '', ''),
(1442, '17604', '5ba5243c88dd19c466dee8cb5bc8eb35', 'Siswa', 'aktif', 0, '', '0000-00-00 00:00:00', '0000-00-00 00:00:00', 'Valentine Hartanto', '', 'sembunyikan', 'sembunyikan', '', ''),
(1441, '17603', '371c48cea8e29e733dde6f48e63559cc', 'Siswa', 'aktif', 0, '', '0000-00-00 00:00:00', '0000-00-00 00:00:00', 'Valensia Stevin Kristsyella Purnomo', '', 'sembunyikan', 'sembunyikan', '', ''),
(1440, '17587', 'c8e77bdfef1f29fc5dffbe387f191dac', 'Siswa', 'aktif', 0, '', '0000-00-00 00:00:00', '0000-00-00 00:00:00', 'Sylvia Novencia Shally Wilona', '', 'sembunyikan', 'sembunyikan', '', ''),
(1439, '17570', '5fce283940707ef04a5994b82d076bbb', 'Siswa', 'aktif', 0, '', '0000-00-00 00:00:00', '0000-00-00 00:00:00', 'Stefani Milenia Andreani', '', 'sembunyikan', 'sembunyikan', '', ''),
(1438, '17521', '05187e56cce6ec71e229dc98e8bf27f0', 'Siswa', 'aktif', 0, '', '0000-00-00 00:00:00', '0000-00-00 00:00:00', 'Michelle Natajaya Hermawan', '', 'sembunyikan', 'sembunyikan', '', ''),
(1437, '17504', 'd0b7f2a36b6838fe81fcee29d2f410a2', 'Siswa', 'aktif', 0, '', '0000-00-00 00:00:00', '0000-00-00 00:00:00', 'Melisa Krisnawati', '', 'sembunyikan', 'sembunyikan', '', ''),
(1436, '17497', '82d06664f103890e512a109d0b5d1011', 'Siswa', 'aktif', 0, '', '0000-00-00 00:00:00', '0000-00-00 00:00:00', 'Martin Digdaya Mandraguna', '', 'sembunyikan', 'sembunyikan', '', ''),
(1435, '17477', '300058cc7d509b418f18870314eb92ac', 'Siswa', 'aktif', 0, '', '0000-00-00 00:00:00', '0000-00-00 00:00:00', 'Laurencia Gavriella', '', 'sembunyikan', 'sembunyikan', '', ''),
(1434, '17475', 'b8742743f35ad13e837cb8fc849f759d', 'Siswa', 'aktif', 0, '', '0000-00-00 00:00:00', '0000-00-00 00:00:00', 'Kristian Flash Go', '', 'sembunyikan', 'sembunyikan', '', ''),
(1433, '17454', '302101902bd9140427edc0c41e139782', 'Siswa', 'aktif', 0, '', '0000-00-00 00:00:00', '0000-00-00 00:00:00', 'Jonathan Stanley', '', 'sembunyikan', 'sembunyikan', '', ''),
(1432, '17430', 'c1082e40d6bd5c5d64f2ccb8f73cea5c', 'Siswa', 'aktif', 0, '', '0000-00-00 00:00:00', '0000-00-00 00:00:00', 'Ignatius Hendy Prayogo', '', 'sembunyikan', 'sembunyikan', '', ''),
(1431, '17423', 'fd40463bdad3ce3d82883121161c416e', 'Siswa', 'aktif', 0, '', '0000-00-00 00:00:00', '0000-00-00 00:00:00', 'Haris Pratama', '', 'sembunyikan', 'sembunyikan', '', ''),
(1430, '17409', '9b816e24fbac7e0fcec9dedf31c14ced', 'Siswa', 'aktif', 0, '', '0000-00-00 00:00:00', '0000-00-00 00:00:00', 'Giovanni Ivo Devito Putra', '', 'sembunyikan', 'sembunyikan', '', ''),
(1429, '17408', '721cc4aaaf4e30504cb0ddcb4f756763', 'Siswa', 'aktif', 0, '', '0000-00-00 00:00:00', '0000-00-00 00:00:00', 'Gilbert Anthoni Axel', '', 'sembunyikan', 'sembunyikan', '', ''),
(1428, '17396', '4493c8059fa48a771fc96fa18e05df8d', 'Siswa', 'aktif', 0, '', '0000-00-00 00:00:00', '0000-00-00 00:00:00', 'Florencia Elanie', '', 'sembunyikan', 'sembunyikan', '', ''),
(1427, '17388', '2c78174142e326ca62fc0c16d828a2fe', 'Siswa', 'aktif', 0, '', '0000-00-00 00:00:00', '0000-00-00 00:00:00', 'Felix Tanjiro Sutanto', '', 'sembunyikan', 'sembunyikan', '', ''),
(1383, 'kelas10', 'd2acb56139c31f419e5e926a31a9e492', 'Siswa', 'aktif', 0, '2015-10-19 13:09:00', '0000-00-00 00:00:00', '0000-00-00 00:00:00', 'kelas10A', '', 'sembunyikan', 'sembunyikan', '', ''),
(1384, 'kelas11', '602281938f02c5d897853e2d1d4d83a1', 'Siswa', 'aktif', 0, '', '0000-00-00 00:00:00', '0000-00-00 00:00:00', 'kelas11', '', 'sembunyikan', 'sembunyikan', '', ''),
(1381, 'siswa12', '380a0238d4eeb7ebbf6445d1541865c2', 'Siswa', 'aktif', 0, '2015-08-12 09:18:06', '0000-00-00 00:00:00', '0000-00-00 00:00:00', 'siswa12', '', 'sembunyikan', 'sembunyikan', '', ''),
(1935, '17169', 'd7cbbc7d02fca8a32ac5a3b5161ee19c', 'Siswa', 'aktif', 0, '', '0000-00-00 00:00:00', '0000-00-00 00:00:00', 'Octhalia Zivana Iskandar', '', 'sembunyikan', 'sembunyikan', '', ''),
(1936, '17186', '3006a068501fbf78748d4d51529610b8', 'Siswa', 'aktif', 0, '', '0000-00-00 00:00:00', '0000-00-00 00:00:00', 'Richard Sebastian', '', 'sembunyikan', 'sembunyikan', '', ''),
(1937, '17200', '6222d5fd70abd4fe144a1df81fc2ea98', 'Siswa', 'aktif', 0, '', '0000-00-00 00:00:00', '0000-00-00 00:00:00', 'Shekinah Glory ', '', 'sembunyikan', 'sembunyikan', '', ''),
(1938, '17207', 'd4151b70cc2dec1acf2b370c56e8baf4', 'Siswa', 'aktif', 0, '', '0000-00-00 00:00:00', '0000-00-00 00:00:00', 'Stevanus Billy Abraham Djaja Soetikno', '', 'sembunyikan', 'sembunyikan', '', ''),
(1939, '17220', 'e376d5d818f7665946b0a88c7632e311', 'Siswa', 'aktif', 0, '', '0000-00-00 00:00:00', '0000-00-00 00:00:00', 'Timothy Jesse Setiawan Limantono', '', 'sembunyikan', 'sembunyikan', '', ''),
(1940, '17227', '62e208d9d85b32b441c0cc1d87caa76d', 'Siswa', 'aktif', 0, '', '0000-00-00 00:00:00', '0000-00-00 00:00:00', 'Viery Wicaksono', '', 'sembunyikan', 'sembunyikan', '', ''),
(1941, '17232', '42daeb06e6c27e536d07f9acddb8d1f9', 'Siswa', 'aktif', 0, '', '0000-00-00 00:00:00', '0000-00-00 00:00:00', 'Vincenzio Randy Sumawan', '', 'sembunyikan', 'sembunyikan', '', ''),
(1942, '17235', '998c0c4fd994dc56798676eb8017a9b9', 'Siswa', 'aktif', 0, '', '0000-00-00 00:00:00', '0000-00-00 00:00:00', 'Wahyudi', '', 'sembunyikan', 'sembunyikan', '', ''),
(1943, '17246', '3f79a9566332ca2ddca3367b61ede6a8', 'Siswa', 'aktif', 0, '', '0000-00-00 00:00:00', '0000-00-00 00:00:00', 'Yogie Rukwanda', '', 'sembunyikan', 'sembunyikan', '', ''),
(1944, '17253', 'aa43cf733f0e3e7a02ce7a6faf7c9e07', 'Siswa', 'aktif', 0, '', '0000-00-00 00:00:00', '0000-00-00 00:00:00', 'Aaron Christian Sunarkho', '', 'sembunyikan', 'sembunyikan', '', ''),
(1945, '16932', 'f9cc05c31c9cdbd88efcad6d4619ace4', 'Siswa', 'aktif', 0, '', '0000-00-00 00:00:00', '0000-00-00 00:00:00', 'Aditya Satryo Guncoro', '', 'sembunyikan', 'sembunyikan', '', ''),
(1946, '16953', '8644904d5b64c5c3111996d2d545ca9d', 'Siswa', 'aktif', 0, '', '0000-00-00 00:00:00', '0000-00-00 00:00:00', 'Anastasia Clarissa Elizabeth', '', 'sembunyikan', 'sembunyikan', '', ''),
(1947, '16977', 'fb81884e2893b11a86facda51150264d', 'Siswa', 'aktif', 0, '', '0000-00-00 00:00:00', '0000-00-00 00:00:00', 'Bella Teja Kusuma', '', 'sembunyikan', 'sembunyikan', '', ''),
(1948, '16990', '4e4869c12089468fa69ceca248253b17', 'Siswa', 'aktif', 0, '', '0000-00-00 00:00:00', '0000-00-00 00:00:00', 'Chelsea Irwanto', '', 'sembunyikan', 'sembunyikan', '', ''),
(1949, '17002', '64502272bd02ef05cfeb5ea9fcfc285b', 'Siswa', 'aktif', 0, '', '0000-00-00 00:00:00', '0000-00-00 00:00:00', 'Clarisca Fransisca', '', 'sembunyikan', 'sembunyikan', '', ''),
(1950, '17005', '79308b8c5a5f5f37f56b8ddcab734fab', 'Siswa', 'aktif', 0, '', '0000-00-00 00:00:00', '0000-00-00 00:00:00', 'Cynthia Shaniaviera Tanaya', '', 'sembunyikan', 'sembunyikan', '', ''),
(1951, '17013', '3ee2f957cab60715fac7a587a62fab46', 'Siswa', 'aktif', 0, '', '0000-00-00 00:00:00', '0000-00-00 00:00:00', 'Denny Hartanto Salim', '', 'sembunyikan', 'sembunyikan', '', ''),
(1952, '17019', '597a335cf6a10ec4f1861d6397a2fcdf', 'Siswa', 'aktif', 0, '', '0000-00-00 00:00:00', '0000-00-00 00:00:00', 'Elisabet Gunawan', '', 'sembunyikan', 'sembunyikan', '', ''),
(1953, '17055', '4e9d4f159d588700cf812f18d9920017', 'Siswa', 'aktif', 0, '', '0000-00-00 00:00:00', '0000-00-00 00:00:00', 'Grace Christiana', '', 'sembunyikan', 'sembunyikan', '', ''),
(1954, '17067', 'eeee5e5759e88c42b5846f5f06094dc3', 'Siswa', 'aktif', 0, '', '0000-00-00 00:00:00', '0000-00-00 00:00:00', 'Henry Wijaya', '', 'sembunyikan', 'sembunyikan', '', ''),
(1955, '17073', 'c1efb218329e5aba0896676f9f3b994f', 'Siswa', 'aktif', 0, '', '0000-00-00 00:00:00', '0000-00-00 00:00:00', 'Imelda Santoso', '', 'sembunyikan', 'sembunyikan', '', ''),
(1956, '17090', 'e5e57a5ec3e01cca309a344d26207649', 'Siswa', 'aktif', 0, '', '0000-00-00 00:00:00', '0000-00-00 00:00:00', 'Jessica Olivia Yohanna', '', 'sembunyikan', 'sembunyikan', '', ''),
(1957, '17092', 'b777ce76ec5633eacf713f4f8e08caf6', 'Siswa', 'aktif', 0, '', '0000-00-00 00:00:00', '0000-00-00 00:00:00', 'Jessyca Fellycia Melinda', '', 'sembunyikan', 'sembunyikan', '', ''),
(1958, '17097', 'e0f9db367e8733c2938c6cd1a86eef56', 'Siswa', 'aktif', 0, '', '0000-00-00 00:00:00', '0000-00-00 00:00:00', 'Jonathan Richard Halim', '', 'sembunyikan', 'sembunyikan', '', ''),
(1959, '17102', '263b1243ca2dbeb358777ceabc4a2e4c', 'Siswa', 'aktif', 0, '', '0000-00-00 00:00:00', '0000-00-00 00:00:00', 'Juan Sebastian', '', 'sembunyikan', 'sembunyikan', '', ''),
(1960, '17106', '178f90ad542daa47deaf9ededb5233ba', 'Siswa', 'aktif', 0, '', '0000-00-00 00:00:00', '0000-00-00 00:00:00', 'Kanna Chelly', '', 'sembunyikan', 'sembunyikan', '', ''),
(1961, '17110', '170821fbe11a68684fba8a7ef705d2e9', 'Siswa', 'aktif', 0, '', '0000-00-00 00:00:00', '0000-00-00 00:00:00', 'Katarina Vedra Vedriana', '', 'sembunyikan', 'sembunyikan', '', ''),
(1962, '17139', '586406bbb76b6baac45c43a81ec2e35c', 'Siswa', 'aktif', 0, '', '0000-00-00 00:00:00', '0000-00-00 00:00:00', 'Mario Armando Bryian Go', '', 'sembunyikan', 'sembunyikan', '', ''),
(1963, '17150', '7ad45ac2157d72801438b07dffcbbb20', 'Siswa', 'aktif', 0, '', '0000-00-00 00:00:00', '0000-00-00 00:00:00', 'Michael Tan Antandi Putra', '', 'sembunyikan', 'sembunyikan', '', ''),
(1964, '17162', 'ca03d27edadf2a0229e550f25e4c3330', 'Siswa', 'aktif', 0, '', '0000-00-00 00:00:00', '0000-00-00 00:00:00', 'Nicolas Giovanni Wisnu Wardana', '', 'sembunyikan', 'sembunyikan', '', ''),
(1965, '17168', '678253ed578767d7d2548e964e799496', 'Siswa', 'aktif', 0, '', '0000-00-00 00:00:00', '0000-00-00 00:00:00', 'Novita Dewi ', '', 'sembunyikan', 'sembunyikan', '', ''),
(1966, '17181', 'd034a7eda6e49ec2b22c5eee94b053c7', 'Siswa', 'aktif', 0, '', '0000-00-00 00:00:00', '0000-00-00 00:00:00', 'Renata Graciela Chandra', '', 'sembunyikan', 'sembunyikan', '', ''),
(1967, '17187', 'b5eded274dbfe983c9a4bb1f5ed640cc', 'Siswa', 'aktif', 0, '', '0000-00-00 00:00:00', '0000-00-00 00:00:00', 'Ricky Santoso', '', 'sembunyikan', 'sembunyikan', '', ''),
(1968, '17202', '37ed3938f2f5b399dfd0b62606f39d9b', 'Siswa', 'aktif', 0, '', '0000-00-00 00:00:00', '0000-00-00 00:00:00', 'Shintya Dewi', '', 'sembunyikan', 'sembunyikan', '', ''),
(1969, '17211', 'cd6bc4ee9cef2af8e1c22cc80ca1f8c1', 'Siswa', 'aktif', 0, '', '0000-00-00 00:00:00', '0000-00-00 00:00:00', 'Steven Likorawung', '', 'sembunyikan', 'sembunyikan', '', ''),
(1970, '17222', '5e38d982aecea3f5fa249828e8f1548a', 'Siswa', 'aktif', 0, '', '0000-00-00 00:00:00', '0000-00-00 00:00:00', 'Vanessa Virginia Chandra', '', 'sembunyikan', 'sembunyikan', '', ''),
(1971, '17228', 'd15e02b2d502871eba5f71999008e026', 'Siswa', 'aktif', 0, '', '0000-00-00 00:00:00', '0000-00-00 00:00:00', 'Vigo Lyonabel', '', 'sembunyikan', 'sembunyikan', '', ''),
(1972, '16941', 'bcd85837d120277f190bc74c566ffd7a', 'Siswa', 'aktif', 0, '', '0000-00-00 00:00:00', '0000-00-00 00:00:00', 'Alexander Bryant Augustien', '', 'sembunyikan', 'sembunyikan', '', ''),
(1973, '16948', '2ce936697d47f1f420dc6eb29b546e1c', 'Siswa', 'aktif', 0, '', '0000-00-00 00:00:00', '0000-00-00 00:00:00', 'Alvin Santoso', '', 'sembunyikan', 'sembunyikan', '', ''),
(1974, '16954', 'd07a5a3f01fc342462e15c4cfdf8039e', 'Siswa', 'aktif', 0, '', '0000-00-00 00:00:00', '0000-00-00 00:00:00', 'Anastasia Shirley Hartono', '', 'sembunyikan', 'sembunyikan', '', ''),
(1975, '16955', '5b8ac1bf8013b0204a2c0e1988aafe75', 'Siswa', 'aktif', 0, '', '0000-00-00 00:00:00', '0000-00-00 00:00:00', 'Andhika Duta Kalatika', '', 'sembunyikan', 'sembunyikan', '', ''),
(1976, '16957', 'c08801e8fe6cc49c3f4c80588829282a', 'Siswa', 'aktif', 0, '', '0000-00-00 00:00:00', '0000-00-00 00:00:00', 'Andreas Budi Susanto', '', 'sembunyikan', 'sembunyikan', '', ''),
(1977, '16987', '9487c0d93b1eb327013934c5b0d17ae4', 'Siswa', 'aktif', 0, '', '0000-00-00 00:00:00', '0000-00-00 00:00:00', 'Carissa Wijanto', '', 'sembunyikan', 'sembunyikan', '', ''),
(1978, '17011', '25819c8fe224033cc89bafa6a16cdd04', 'Siswa', 'aktif', 0, '', '0000-00-00 00:00:00', '0000-00-00 00:00:00', 'Deby Austin Fernanto', '', 'sembunyikan', 'sembunyikan', '', ''),
(1979, '17026', '12f6de45d4efe308cfeeca3f1d0bc3af', 'Siswa', 'aktif', 0, '', '0000-00-00 00:00:00', '0000-00-00 00:00:00', 'Erina Subiantoro', '', 'sembunyikan', 'sembunyikan', '', ''),
(1980, '17047', 'd118d975f3cdf403187a078f3a06f866', 'Siswa', 'aktif', 0, '', '0000-00-00 00:00:00', '0000-00-00 00:00:00', 'Gabriel Octaviani', '', 'sembunyikan', 'sembunyikan', '', ''),
(1981, '17071', '6358390c66d2575ac3607502a92e34af', 'Siswa', 'aktif', 0, '', '0000-00-00 00:00:00', '0000-00-00 00:00:00', 'Ignatius Yuda Dewangga', '', 'sembunyikan', 'sembunyikan', '', ''),
(1982, '17083', '9ca90a44a71f38e32bc76ac9117f724a', 'Siswa', 'aktif', 0, '', '0000-00-00 00:00:00', '0000-00-00 00:00:00', 'Jefri', '', 'sembunyikan', 'sembunyikan', '', ''),
(1983, '17086', 'f9c6f82cb3e872a20e6a310f33a9c450', 'Siswa', 'aktif', 0, '', '0000-00-00 00:00:00', '0000-00-00 00:00:00', 'Jessica', '', 'sembunyikan', 'sembunyikan', '', ''),
(1984, '17109', '39a1c9d01239a5ec30b5e7d8a4bbd627', 'Siswa', 'aktif', 0, '', '0000-00-00 00:00:00', '0000-00-00 00:00:00', 'Karina wijaya', '', 'sembunyikan', 'sembunyikan', '', ''),
(1985, '17113', 'adeb5653cc2294473e88c23d6bfc4be3', 'Siswa', 'aktif', 0, '', '0000-00-00 00:00:00', '0000-00-00 00:00:00', 'Kenneth Hanly Murtjojo', '', 'sembunyikan', 'sembunyikan', '', ''),
(1986, '17132', '19a443dff441745da8693e0a9fee81d6', 'Siswa', 'aktif', 0, '', '0000-00-00 00:00:00', '0000-00-00 00:00:00', 'Maksimilian Ewaldus Seran', '', 'sembunyikan', 'sembunyikan', '', ''),
(1987, '17149', 'c04819b0706f1f3fe9352ea81623d826', 'Siswa', 'aktif', 0, '', '0000-00-00 00:00:00', '0000-00-00 00:00:00', 'Michael Steven Tan', '', 'sembunyikan', 'sembunyikan', '', ''),
(1988, '17163', '21d08aefdb2764142f6c510fd3982b43', 'Siswa', 'aktif', 0, '', '0000-00-00 00:00:00', '0000-00-00 00:00:00', 'Nidya Hayuni', '', 'sembunyikan', 'sembunyikan', '', ''),
(1989, '17166', 'b19344473680a608f6216314a9df63a2', 'Siswa', 'aktif', 0, '', '0000-00-00 00:00:00', '0000-00-00 00:00:00', 'Novalia', '', 'sembunyikan', 'sembunyikan', '', ''),
(1990, '17170', 'f74b6a56785817c3ea2562ae7fda9c56', 'Siswa', 'aktif', 0, '', '0000-00-00 00:00:00', '0000-00-00 00:00:00', 'Olivia Michelle Gunawan', '', 'sembunyikan', 'sembunyikan', '', ''),
(1991, '17172', '51c9d0385c088de752dfb41cfa835a37', 'Siswa', 'aktif', 0, '', '0000-00-00 00:00:00', '0000-00-00 00:00:00', 'Partana', '', 'sembunyikan', 'sembunyikan', '', ''),
(1992, '17183', '439b968b83f96a704ad09bf8ffe2e91b', 'Siswa', 'aktif', 0, '', '0000-00-00 00:00:00', '0000-00-00 00:00:00', 'Reynaldo ', '', 'sembunyikan', 'sembunyikan', '', ''),
(1993, '17199', 'f7c0dc716cd86f8d162c366d370baf14', 'Siswa', 'aktif', 0, '', '0000-00-00 00:00:00', '0000-00-00 00:00:00', 'Sharont Agatha Fabiola', '', 'sembunyikan', 'sembunyikan', '', ''),
(1994, '17201', '3da3e32030bd705ee69c42ee0ac833b1', 'Siswa', 'aktif', 0, '', '0000-00-00 00:00:00', '0000-00-00 00:00:00', 'Sherly Agustin Setiadi B. E', '', 'sembunyikan', 'sembunyikan', '', ''),
(1995, '17205', 'f851e694bea503ae3c50e49f013d47f6', 'Siswa', 'aktif', 0, '', '0000-00-00 00:00:00', '0000-00-00 00:00:00', 'Stefanus Januar Wijaya', '', 'sembunyikan', 'sembunyikan', '', ''),
(1996, '17208', '156b84a86601888c714c58079409a07e', 'Siswa', 'aktif', 0, '', '0000-00-00 00:00:00', '0000-00-00 00:00:00', 'Steven', '', 'sembunyikan', 'sembunyikan', '', ''),
(1997, '17238', 'b2faac65f33845b3dd70f9fa9e9aa7e3', 'Siswa', 'aktif', 0, '', '0000-00-00 00:00:00', '0000-00-00 00:00:00', 'William Christian', '', 'sembunyikan', 'sembunyikan', '', ''),
(1998, '17245', '5285a1493a5742c839cdf4cf7311beea', 'Siswa', 'aktif', 0, '', '0000-00-00 00:00:00', '0000-00-00 00:00:00', 'Yermia Wijaya', '', 'sembunyikan', 'sembunyikan', '', ''),
(1999, '16935', '41c8606b0574441a259b1e14538ec466', 'Siswa', 'aktif', 0, '', '0000-00-00 00:00:00', '0000-00-00 00:00:00', 'Agustinus David Cahyono', '', 'sembunyikan', 'sembunyikan', '', ''),
(2000, '16940', 'b164250f03b08804a9697111ba542f21', 'Siswa', 'aktif', 0, '', '0000-00-00 00:00:00', '0000-00-00 00:00:00', 'Alex Hans Setiawan', '', 'sembunyikan', 'sembunyikan', '', ''),
(2001, '16956', '94afdfcb8cc1df4eecc676fba0c3c6b8', 'Siswa', 'aktif', 0, '', '0000-00-00 00:00:00', '0000-00-00 00:00:00', 'Andi Beng', '', 'sembunyikan', 'sembunyikan', '', ''),
(2002, '16964', '7c7b8ecb4103d42ead56a8849982855b', 'Siswa', 'aktif', 0, '', '0000-00-00 00:00:00', '0000-00-00 00:00:00', 'Angeline Nathasya Tampian', '', 'sembunyikan', 'sembunyikan', '', ''),
(2003, '16972', '5e84bd89fe45860ca1ebaf025f494461', 'Siswa', 'aktif', 0, '', '0000-00-00 00:00:00', '0000-00-00 00:00:00', 'Averil Dean Tanasha', '', 'sembunyikan', 'sembunyikan', '', ''),
(2004, '16983', '53d17925f9fe9757a7aa18c5e41beba9', 'Siswa', 'aktif', 0, '', '0000-00-00 00:00:00', '0000-00-00 00:00:00', 'Brian Stevianus Setiady', '', 'sembunyikan', 'sembunyikan', '', ''),
(2005, '16996', 'e8ff7030a0d078bec25f25c9b705d228', 'Siswa', 'aktif', 0, '', '0000-00-00 00:00:00', '0000-00-00 00:00:00', 'Christianto Tedjasuksmana', '', 'sembunyikan', 'sembunyikan', '', ''),
(2006, '16997', 'a49ffb16c3666d2f693bc7b5fdca969d', 'Siswa', 'aktif', 0, '', '0000-00-00 00:00:00', '0000-00-00 00:00:00', 'Christina Angelina Thie', '', 'sembunyikan', 'sembunyikan', '', ''),
(2007, '17001', '4c2d760f60a6ea70b0a10ef9ff2351f5', 'Siswa', 'aktif', 0, '', '0000-00-00 00:00:00', '0000-00-00 00:00:00', 'Cindy Tandio', '', 'sembunyikan', 'sembunyikan', '', ''),
(2008, '17022', '15322a5c9ba9bef26eb1388393e25a01', 'Siswa', 'aktif', 0, '', '0000-00-00 00:00:00', '0000-00-00 00:00:00', 'Enrico Roberto Tjayadi', '', 'sembunyikan', 'sembunyikan', '', ''),
(2009, '17023', '4768620a673136ae86da54a779b72766', 'Siswa', 'aktif', 0, '', '0000-00-00 00:00:00', '0000-00-00 00:00:00', 'Eriawan Purnama', '', 'sembunyikan', 'sembunyikan', '', ''),
(2010, '17034', '85da0ea73f51b181e3ce81a57d62f5b8', 'Siswa', 'aktif', 0, '', '0000-00-00 00:00:00', '0000-00-00 00:00:00', 'Feby Valencia Gunawan', '', 'sembunyikan', 'sembunyikan', '', ''),
(2011, '17087', '0fee63978c85715541a6a87d1d4d319a', 'Siswa', 'aktif', 0, '', '0000-00-00 00:00:00', '0000-00-00 00:00:00', 'Jessica Cahyadi', '', 'sembunyikan', 'sembunyikan', '', ''),
(2012, '17118', 'c8983c1f5369930e88b760c5fd493336', 'Siswa', 'aktif', 0, '', '0000-00-00 00:00:00', '0000-00-00 00:00:00', 'Kevin William Pratama', '', 'sembunyikan', 'sembunyikan', '', ''),
(2013, '17120', 'd72eecc6b164864790fe25f2bd64a8ab', 'Siswa', 'aktif', 0, '', '0000-00-00 00:00:00', '0000-00-00 00:00:00', 'Laurencia Sheren Yunanto', '', 'sembunyikan', 'sembunyikan', '', ''),
(2014, '17146', '8982bdc05395c01f87199588e06ef71f', 'Siswa', 'aktif', 0, '', '0000-00-00 00:00:00', '0000-00-00 00:00:00', 'Melisa ', '', 'sembunyikan', 'sembunyikan', '', ''),
(2015, '17148', 'a9a7ab1b714b04eff25ce5e783135902', 'Siswa', 'aktif', 0, '', '0000-00-00 00:00:00', '0000-00-00 00:00:00', 'Michael Anthony', '', 'sembunyikan', 'sembunyikan', '', ''),
(2016, '17161', '4b9cdbca9d45cbdf296414aac1d7d964', 'Siswa', 'aktif', 0, '', '0000-00-00 00:00:00', '0000-00-00 00:00:00', 'Nicola Kusumo', '', 'sembunyikan', 'sembunyikan', '', ''),
(2017, '17173', 'c1160f0432464eb6110ada4a0ac56917', 'Siswa', 'aktif', 0, '', '0000-00-00 00:00:00', '0000-00-00 00:00:00', 'Patricia Philien Sutanto', '', 'sembunyikan', 'sembunyikan', '', ''),
(2018, '17177', '7d78ce41a918d71886c6124f0013c92e', 'Siswa', 'aktif', 0, '', '0000-00-00 00:00:00', '0000-00-00 00:00:00', 'Primus Khrisna Murti Wibowo', '', 'sembunyikan', 'sembunyikan', '', ''),
(2019, '17182', '7db8742948ee2a4a67999d26941bfa01', 'Siswa', 'aktif', 0, '', '0000-00-00 00:00:00', '0000-00-00 00:00:00', 'Rendy Nicholas Anggriawan', '', 'sembunyikan', 'sembunyikan', '', ''),
(2020, '17193', '8a618b8f8f01a09230853dbe6f581c27', 'Siswa', 'aktif', 0, '', '0000-00-00 00:00:00', '0000-00-00 00:00:00', 'Ronald Vincentius', '', 'sembunyikan', 'sembunyikan', '', ''),
(2021, '17194', '2f42c6c0cbd43d2eeb657069071b2f9b', 'Siswa', 'aktif', 0, '', '0000-00-00 00:00:00', '0000-00-00 00:00:00', 'Rubi Mulia Setiawan', '', 'sembunyikan', 'sembunyikan', '', ''),
(2022, '17217', '300137efca1cc59de0df2f7416fe1cb1', 'Siswa', 'aktif', 0, '', '0000-00-00 00:00:00', '0000-00-00 00:00:00', 'Thean Flavia Gabriella', '', 'sembunyikan', 'sembunyikan', '', ''),
(2023, '17233', '73239bf646d4cce9d88b388edddb35ef', 'Siswa', 'aktif', 0, '', '0000-00-00 00:00:00', '0000-00-00 00:00:00', 'Vita Magdalena Santoso', '', 'sembunyikan', 'sembunyikan', '', ''),
(2024, '17234', '6a40c7d8ed78d4450de020fb1c3ce5ab', 'Siswa', 'aktif', 0, '', '0000-00-00 00:00:00', '0000-00-00 00:00:00', 'Vitasari Sarsono', '', 'sembunyikan', 'sembunyikan', '', ''),
(2025, '17250', '718d59ade166b11b3ec4ef5c4e6abfe6', 'Siswa', 'aktif', 0, '', '0000-00-00 00:00:00', '0000-00-00 00:00:00', 'Yuvita Kristyono', '', 'sembunyikan', 'sembunyikan', '', ''),
(2026, '16962', 'bdee0997d3fb6be8515a432051fe4e5c', 'Siswa', 'aktif', 0, '', '0000-00-00 00:00:00', '0000-00-00 00:00:00', 'Angela Yosia Konstantia', '', 'sembunyikan', 'sembunyikan', '', ''),
(2027, '16969', 'abbcf60674d48894b8ea294e4f23b41e', 'Siswa', 'aktif', 0, '', '0000-00-00 00:00:00', '0000-00-00 00:00:00', 'Aristofer Austin', '', 'sembunyikan', 'sembunyikan', '', ''),
(2028, '16981', 'f731c0fdac805dc4a033c53cb9a89646', 'Siswa', 'aktif', 0, '', '0000-00-00 00:00:00', '0000-00-00 00:00:00', 'Billy Hansel', '', 'sembunyikan', 'sembunyikan', '', ''),
(2029, '16985', 'b3ca85cd30bca7607c9520accaa4ffcf', 'Siswa', 'aktif', 0, '', '0000-00-00 00:00:00', '0000-00-00 00:00:00', 'Calvin Giovanni', '', 'sembunyikan', 'sembunyikan', '', ''),
(2030, '16999', '1d4bf338b9f623355c3dfc9f20aa2b53', 'Siswa', 'aktif', 0, '', '0000-00-00 00:00:00', '0000-00-00 00:00:00', 'Cindy Cynthia Dewi', '', 'sembunyikan', 'sembunyikan', '', ''),
(2031, '17008', 'cef347a99ab5be3642ec79a8e2c0bc87', 'Siswa', 'aktif', 0, '', '0000-00-00 00:00:00', '0000-00-00 00:00:00', 'Daphne Sweet Chandra', '', 'sembunyikan', 'sembunyikan', '', ''),
(2032, '17009', '8db1625bead0f643f7f7913edc2a8434', 'Siswa', 'aktif', 0, '', '0000-00-00 00:00:00', '0000-00-00 00:00:00', 'Dave David ', '', 'sembunyikan', 'sembunyikan', '', ''),
(2033, '17018', 'd3db718a011f94f39dd49b576d785b08', 'Siswa', 'aktif', 0, '', '0000-00-00 00:00:00', '0000-00-00 00:00:00', 'Elbert William ', '', 'sembunyikan', 'sembunyikan', '', ''),
(2034, '17033', 'fbc4bc535f95f5f8d1b30bf34e4b4fbe', 'Siswa', 'aktif', 0, '', '0000-00-00 00:00:00', '0000-00-00 00:00:00', 'Faustina Xaviera', '', 'sembunyikan', 'sembunyikan', '', ''),
(2035, '17038', '02bf1a8bb2a792e32a8b9d57c293b349', 'Siswa', 'aktif', 0, '', '0000-00-00 00:00:00', '0000-00-00 00:00:00', 'Felinsia Wiyono', '', 'sembunyikan', 'sembunyikan', '', ''),
(2036, '17051', 'ba66841940a5fb383b6258d37ed444dc', 'Siswa', 'aktif', 0, '', '0000-00-00 00:00:00', '0000-00-00 00:00:00', 'Gilbert Louis Gusmar', '', 'sembunyikan', 'sembunyikan', '', ''),
(2037, '17079', '7e5c6adb4152e8d402e5dba26664fa32', 'Siswa', 'aktif', 0, '', '0000-00-00 00:00:00', '0000-00-00 00:00:00', 'Ivan Setiawan', '', 'sembunyikan', 'sembunyikan', '', ''),
(2038, '17080', '4ddcf81ffc4375a8ebbb7c8fe80896b8', 'Siswa', 'aktif', 0, '', '0000-00-00 00:00:00', '0000-00-00 00:00:00', 'Jacklyn Giovani', '', 'sembunyikan', 'sembunyikan', '', ''),
(2039, '17088', '86d3d62e1c57e5ebed8576f74b5ebbf8', 'Siswa', 'aktif', 0, '', '0000-00-00 00:00:00', '0000-00-00 00:00:00', 'Jessica Hadi', '', 'sembunyikan', 'sembunyikan', '', ''),
(2040, '17091', 'c4aee399fbe5893f9bc44fa160ee3107', 'Siswa', 'aktif', 0, '', '0000-00-00 00:00:00', '0000-00-00 00:00:00', 'Jessie Santoso', '', 'sembunyikan', 'sembunyikan', '', ''),
(2041, '17093', 'd0e5dfb52f4a6325738b1042cce523d7', 'Siswa', 'aktif', 0, '', '0000-00-00 00:00:00', '0000-00-00 00:00:00', 'Johan Martinus', '', 'sembunyikan', 'sembunyikan', '', ''),
(2042, '17107', 'e9cde247132ad24f2a476a6d7a9dbd16', 'Siswa', 'aktif', 0, '', '0000-00-00 00:00:00', '0000-00-00 00:00:00', 'Karina Angelica', '', 'sembunyikan', 'sembunyikan', '', ''),
(2043, '17124', 'fb6fd60c07bc9bbea558cf8a4dfe8080', 'Siswa', 'aktif', 0, '', '0000-00-00 00:00:00', '0000-00-00 00:00:00', 'Leony Amelia Santoso', '', 'sembunyikan', 'sembunyikan', '', ''),
(2044, '17135', 'ac863dac85e27c93e8fba1bc0ab49276', 'Siswa', 'aktif', 0, '', '0000-00-00 00:00:00', '0000-00-00 00:00:00', 'Maria Angelina Poetra', '', 'sembunyikan', 'sembunyikan', '', ''),
(2045, '17156', '047120fa7417b3d37a0573e8a24c9e43', 'Siswa', 'aktif', 0, '', '0000-00-00 00:00:00', '0000-00-00 00:00:00', 'Michelle ', '', 'sembunyikan', 'sembunyikan', '', ''),
(2046, '17167', 'ac0bfdba5fb1f97273dbcc5039c665c4', 'Siswa', 'aktif', 0, '', '0000-00-00 00:00:00', '0000-00-00 00:00:00', 'Novilia', '', 'sembunyikan', 'sembunyikan', '', ''),
(2047, '17184', 'da5dc4875e3401ea2bd35ee8f56277a6', 'Siswa', 'aktif', 0, '', '0000-00-00 00:00:00', '0000-00-00 00:00:00', 'Ricardo Januar', '', 'sembunyikan', 'sembunyikan', '', ''),
(2048, '17225', '8dbc071404cb803bffef3f83439ba2b4', 'Siswa', 'aktif', 0, '', '0000-00-00 00:00:00', '0000-00-00 00:00:00', 'Veronica Dewi Limantara', '', 'sembunyikan', 'sembunyikan', '', ''),
(2049, '17229', '32065a1a7dd7b2070f93b815e5e11b6d', 'Siswa', 'aktif', 0, '', '0000-00-00 00:00:00', '0000-00-00 00:00:00', 'Vincent Sebastian Purnomo', '', 'sembunyikan', 'sembunyikan', '', ''),
(2050, '17248', '4b7bb0379e2a232c12329c9a212801a9', 'Siswa', 'aktif', 0, '', '0000-00-00 00:00:00', '0000-00-00 00:00:00', 'Yongky Teja Kusuma', '', 'sembunyikan', 'sembunyikan', '', ''),
(2051, '17249', '918d58be2384bacb0c9bfc0481364d1a', 'Siswa', 'aktif', 0, '', '0000-00-00 00:00:00', '0000-00-00 00:00:00', 'Yuni Putri Dewantara', '', 'sembunyikan', 'sembunyikan', '', ''),
(2052, '16944', 'ef469da55386b89993b2b644f5ba5140', 'Siswa', 'aktif', 0, '', '0000-00-00 00:00:00', '0000-00-00 00:00:00', 'Alexander Steven Nugroho', '', 'sembunyikan', 'sembunyikan', '', ''),
(2053, '16947', '4270dbf131a6b90e675b8861dd699ab5', 'Siswa', 'aktif', 0, '', '0000-00-00 00:00:00', '0000-00-00 00:00:00', 'Alvin Lay', '', 'sembunyikan', 'sembunyikan', '', ''),
(2054, '16950', '1d98e6ad3ed4f30afacadcf23fe145fa', 'Siswa', 'aktif', 0, '', '0000-00-00 00:00:00', '0000-00-00 00:00:00', 'Alycia Octavia', '', 'sembunyikan', 'sembunyikan', '', ''),
(2055, '16967', '910f5043d869086f1835d993448cd3a4', 'Siswa', 'aktif', 0, '', '0000-00-00 00:00:00', '0000-00-00 00:00:00', 'Anthony Muliaji', '', 'sembunyikan', 'sembunyikan', '', ''),
(2056, '16970', '816308509e3f57309be4d4b2da8d299e', 'Siswa', 'aktif', 0, '', '0000-00-00 00:00:00', '0000-00-00 00:00:00', 'Aurelius Kevin', '', 'sembunyikan', 'sembunyikan', '', ''),
(2057, '17043', '33097b67fa51e0115312196ee8231b5b', 'Siswa', 'aktif', 0, '', '0000-00-00 00:00:00', '0000-00-00 00:00:00', 'Fernando Susanto', '', 'sembunyikan', 'sembunyikan', '', ''),
(2058, '17063', '86ebc213e0f98319c2b45c900031c7c7', 'Siswa', 'aktif', 0, '', '0000-00-00 00:00:00', '0000-00-00 00:00:00', 'Hans Kresnawan', '', 'sembunyikan', 'sembunyikan', '', ''),
(2059, '17064', '5d7ada35204d7dd09cf8990cd0a2df2e', 'Siswa', 'aktif', 0, '', '0000-00-00 00:00:00', '0000-00-00 00:00:00', 'Hansel Wijaya koswandi', '', 'sembunyikan', 'sembunyikan', '', ''),
(2060, '17070', 'ef32f86e6f9bbe45d945de2b11e5039a', 'Siswa', 'aktif', 0, '', '0000-00-00 00:00:00', '0000-00-00 00:00:00', 'Hubert Gunawan', '', 'sembunyikan', 'sembunyikan', '', ''),
(2061, '17077', '77382415bbfc9bcb5b2f5b5f5724406c', 'Siswa', 'aktif', 0, '', '0000-00-00 00:00:00', '0000-00-00 00:00:00', 'Ivan Christian Oentoro', '', 'sembunyikan', 'sembunyikan', '', ''),
(2062, '17095', 'f633469121cb1895ba8023439e8197df', 'Siswa', 'aktif', 0, '', '0000-00-00 00:00:00', '0000-00-00 00:00:00', 'Jonathan Alvino', '', 'sembunyikan', 'sembunyikan', '', ''),
(2063, '17116', '029b50deea7a25c41e489e6ee3635e52', 'Siswa', 'aktif', 0, '', '0000-00-00 00:00:00', '0000-00-00 00:00:00', 'Kevin Tantowi', '', 'sembunyikan', 'sembunyikan', '', ''),
(2064, '17143', 'b666545e24ea289be13796baae7463e3', 'Siswa', 'aktif', 0, '', '0000-00-00 00:00:00', '0000-00-00 00:00:00', 'Meisia Febiola ', '', 'sembunyikan', 'sembunyikan', '', ''),
(2065, '17154', '3c8179de1979ed5f080f0871c7bd9bde', 'Siswa', 'aktif', 0, '', '0000-00-00 00:00:00', '0000-00-00 00:00:00', 'Michelle Christina Linda Mulyawan', '', 'sembunyikan', 'sembunyikan', '', ''),
(2066, '17164', '394473aaca21886f5287312c64bdbd49', 'Siswa', 'aktif', 0, '', '0000-00-00 00:00:00', '0000-00-00 00:00:00', 'Nikolaus Lukyanto', '', 'sembunyikan', 'sembunyikan', '', ''),
(2067, '17178', '3529a865a419051ed56a6e7421c6f794', 'Siswa', 'aktif', 0, '', '0000-00-00 00:00:00', '0000-00-00 00:00:00', 'Priskila Fransisca Haryono', '', 'sembunyikan', 'sembunyikan', '', ''),
(2068, '17189', 'a431593a04b99572ab390b80e596b75e', 'Siswa', 'aktif', 0, '', '0000-00-00 00:00:00', '0000-00-00 00:00:00', 'Rika Dewi', '', 'sembunyikan', 'sembunyikan', '', ''),
(2069, '17192', 'aff272815fa63358420d88a9c6d37b91', 'Siswa', 'aktif', 0, '', '0000-00-00 00:00:00', '0000-00-00 00:00:00', 'Robert Subianto', '', 'sembunyikan', 'sembunyikan', '', ''),
(2070, '17210', 'a5ccbf4f58f04a814f80a12e703d7c34', 'Siswa', 'aktif', 0, '', '0000-00-00 00:00:00', '0000-00-00 00:00:00', 'Steven Khosasi', '', 'sembunyikan', 'sembunyikan', '', ''),
(2071, '17247', 'fd95de778a7546239dbe44d067c96b74', 'Siswa', 'aktif', 0, '', '0000-00-00 00:00:00', '0000-00-00 00:00:00', 'Yonathan', '', 'sembunyikan', 'sembunyikan', '', ''),
(2072, '17255', '1a2ba93313d0d654d3974d09654b4559', 'Siswa', 'aktif', 0, '', '0000-00-00 00:00:00', '0000-00-00 00:00:00', 'Abraham Nico', '', 'sembunyikan', 'sembunyikan', '', ''),
(2073, '17267', '478ee79434a295d016f91d90ea301bcc', 'Siswa', 'aktif', 0, '', '0000-00-00 00:00:00', '0000-00-00 00:00:00', 'Alessandro Gontay', '', 'sembunyikan', 'sembunyikan', '', ''),
(2074, '17272', '20b4c1393fa69e1f777eacd54ff50a81', 'Siswa', 'aktif', 0, '', '0000-00-00 00:00:00', '0000-00-00 00:00:00', 'Alexander Yonathan Nugroho', '', 'sembunyikan', 'sembunyikan', '', ''),
(2075, '17286', '647c4a3fb8adf93fe1fd2d8f9e7f84e1', 'Siswa', 'aktif', 0, '', '0000-00-00 00:00:00', '0000-00-00 00:00:00', 'Andreas Krisnata', '', 'sembunyikan', 'sembunyikan', '', ''),
(2076, '17290', '84b069ebd287d467cb7fd26e53c6a0c9', 'Siswa', 'aktif', 0, '', '0000-00-00 00:00:00', '0000-00-00 00:00:00', 'Angela Cynthia Maharani', '', 'sembunyikan', 'sembunyikan', '', ''),
(2077, '17318', 'e89c8c25e96065f551a8ceee258c8e5e', 'Siswa', 'aktif', 0, '', '0000-00-00 00:00:00', '0000-00-00 00:00:00', 'Brian Gemilang Wijaya', '', 'sembunyikan', 'sembunyikan', '', ''),
(2078, '17332', '2fbe1c703f6893c2bc5066fcbcaa2048', 'Siswa', 'aktif', 0, '', '0000-00-00 00:00:00', '0000-00-00 00:00:00', 'Christianus Jodi Yonathan', '', 'sembunyikan', 'sembunyikan', '', ''),
(2079, '17385', 'fa99ccdbea597263a88f27075bd6eb49', 'Siswa', 'aktif', 0, '', '0000-00-00 00:00:00', '0000-00-00 00:00:00', 'Felix Halim', '', 'sembunyikan', 'sembunyikan', '', ''),
(2080, '17393', '15a676c8852b5e796541c58b5846a1e6', 'Siswa', 'aktif', 0, '', '0000-00-00 00:00:00', '0000-00-00 00:00:00', 'Filbert Dick Cavanugh Huang', '', 'sembunyikan', 'sembunyikan', '', ''),
(2081, '17411', '58c02631651a8ffcb2632ab4d96a3da2', 'Siswa', 'aktif', 0, '', '0000-00-00 00:00:00', '0000-00-00 00:00:00', 'Gloria Ekaputri Susilo', '', 'sembunyikan', 'sembunyikan', '', ''),
(2082, '17420', '80b912d8d81919969ccab0080ddd8e2f', 'Siswa', 'aktif', 0, '', '0000-00-00 00:00:00', '0000-00-00 00:00:00', 'Gunawan Adinata', '', 'sembunyikan', 'sembunyikan', '', ''),
(2083, '17425', '019665ab81a95464a25e2bf069f942f9', 'Siswa', 'aktif', 0, '', '0000-00-00 00:00:00', '0000-00-00 00:00:00', 'Helen Hadi', '', 'sembunyikan', 'sembunyikan', '', ''),
(2084, '17434', '550b19ba01730bcbecf0df2df4812cc8', 'Siswa', 'aktif', 0, '', '0000-00-00 00:00:00', '0000-00-00 00:00:00', 'Imanuel Kevin Subiantoro', '', 'sembunyikan', 'sembunyikan', '', ''),
(2085, '17436', '092cb9ab3aaf99bdd279a89848b54b0b', 'Siswa', 'aktif', 0, '', '0000-00-00 00:00:00', '0000-00-00 00:00:00', 'Intansari Puspawijaya', '', 'sembunyikan', 'sembunyikan', '', ''),
(2086, '17449', '7160fb2765562fd2d35a07dc61c6ec42', 'Siswa', 'aktif', 0, '', '0000-00-00 00:00:00', '0000-00-00 00:00:00', 'Jimmy Chang Liong', '', 'sembunyikan', 'sembunyikan', '', ''),
(2087, '17450', 'fb580da97fdc843019c5d4609038612d', 'Siswa', 'aktif', 0, '', '0000-00-00 00:00:00', '0000-00-00 00:00:00', 'Johanes', '', 'sembunyikan', 'sembunyikan', '', ''),
(2088, '17509', '1d9e93e74dda5258e7febd6b52502418', 'Siswa', 'aktif', 0, '', '0000-00-00 00:00:00', '0000-00-00 00:00:00', 'Merissa Bhernaded Lie', '', 'sembunyikan', 'sembunyikan', '', ''),
(2089, '17517', 'ea970b934031dcce24ca218b017a5503', 'Siswa', 'aktif', 0, '', '0000-00-00 00:00:00', '0000-00-00 00:00:00', 'Michael Tanujaya', '', 'sembunyikan', 'sembunyikan', '', ''),
(2090, '17530', 'f69a675d7f12614552304ed2636e7044', 'Siswa', 'aktif', 0, '', '0000-00-00 00:00:00', '0000-00-00 00:00:00', 'Nikita Luisa', '', 'sembunyikan', 'sembunyikan', '', ''),
(2091, '17539', '122a3db2ed92de4629b8d0887e498195', 'Siswa', 'aktif', 0, '', '0000-00-00 00:00:00', '0000-00-00 00:00:00', 'Patricia Samantha', '', 'sembunyikan', 'sembunyikan', '', ''),
(2092, '17562', 'd4d0144bbd63942f6b936d4e9eff1676', 'Siswa', 'aktif', 0, '', '0000-00-00 00:00:00', '0000-00-00 00:00:00', 'Savira Ratna Nurlita', '', 'sembunyikan', 'sembunyikan', '', ''),
(2093, '17574', '9912aa9af53c4553b443c5007ad11851', 'Siswa', 'aktif', 0, '', '0000-00-00 00:00:00', '0000-00-00 00:00:00', 'Stefanus Shanny', '', 'sembunyikan', 'sembunyikan', '', ''),
(2094, '17593', 'c4e21b9d9df296ee17ddab3dbbc851f5', 'Siswa', 'aktif', 0, '', '0000-00-00 00:00:00', '0000-00-00 00:00:00', 'Teresa Wongso', '', 'sembunyikan', 'sembunyikan', '', ''),
(2095, '17642', '21476eebfe7a3e15bee9713c94b8a6c4', 'Siswa', 'aktif', 0, '', '0000-00-00 00:00:00', '0000-00-00 00:00:00', 'Yovan Theo', '', 'sembunyikan', 'sembunyikan', '', ''),
(2096, '16613', 'f95008d294f277e432261d458fe91c76', 'Siswa', 'aktif', 0, '', '0000-00-00 00:00:00', '0000-00-00 00:00:00', 'Adrian Reynardi', '', 'sembunyikan', 'sembunyikan', '', ''),
(2097, '16622', 'dae43844e99e2120bb9f2e00b05d7ca3', 'Siswa', 'aktif', 0, '', '0000-00-00 00:00:00', '0000-00-00 00:00:00', 'Alysha Junita Iskandar', '', 'sembunyikan', 'sembunyikan', '', ''),
(2098, '16624', '784ff39684c7a23cfa09e77719256e20', 'Siswa', 'aktif', 0, '', '0000-00-00 00:00:00', '0000-00-00 00:00:00', 'Anastasia Hanny Irawan', '', 'sembunyikan', 'sembunyikan', '', ''),
(2099, '16639', '9b77e252a999cab18512f3db1a414ddf', 'Siswa', 'aktif', 0, '', '0000-00-00 00:00:00', '0000-00-00 00:00:00', 'Antony Kurniawan Soemardi', '', 'sembunyikan', 'sembunyikan', '', ''),
(2100, '16645', '3169b89e40818e5575ab0ab87b38d2a5', 'Siswa', 'aktif', 0, '', '0000-00-00 00:00:00', '0000-00-00 00:00:00', 'Bela Chrestella Harjanto', '', 'sembunyikan', 'sembunyikan', '', ''),
(2101, '16662', 'f7084c8dc72521fe9b1cd695464554a2', 'Siswa', 'aktif', 0, '', '0000-00-00 00:00:00', '0000-00-00 00:00:00', 'Christian Wicaksana', '', 'sembunyikan', 'sembunyikan', '', ''),
(2102, '16672', 'f9eaa8a65bb8e62b3e6d27979b4c6815', 'Siswa', 'aktif', 0, '', '0000-00-00 00:00:00', '0000-00-00 00:00:00', 'Clara Sciffi', '', 'sembunyikan', 'sembunyikan', '', ''),
(2103, '16680', '36426b22b500b98b3a5eb4d11c81d974', 'Siswa', 'aktif', 0, '', '0000-00-00 00:00:00', '0000-00-00 00:00:00', 'Daniel Liaw', '', 'sembunyikan', 'sembunyikan', '', ''),
(2104, '16685', 'f37baa052ef9fff7d5671e655907c6f2', 'Siswa', 'aktif', 0, '', '0000-00-00 00:00:00', '0000-00-00 00:00:00', 'Devina', '', 'sembunyikan', 'sembunyikan', '', ''),
(2105, '16690', '82d6d16e08359f7efcaabde5c946c10e', 'Siswa', 'aktif', 0, '', '0000-00-00 00:00:00', '0000-00-00 00:00:00', 'Edbert Christian Wenata', '', 'sembunyikan', 'sembunyikan', '', ''),
(2106, '16704', '3ecd2cd951c997ec03d1e428c7f15687', 'Siswa', 'aktif', 0, '', '0000-00-00 00:00:00', '0000-00-00 00:00:00', 'Evania', '', 'sembunyikan', 'sembunyikan', '', ''),
(2107, '16713', 'cca1984970cb6fe586716e732df9fb0d', 'Siswa', 'aktif', 0, '', '0000-00-00 00:00:00', '0000-00-00 00:00:00', 'Felia Irawan', '', 'sembunyikan', 'sembunyikan', '', ''),
(2108, '16717', '3f8dcd6ba8c3eafe3d3d0dce39c0460b', 'Siswa', 'aktif', 0, '', '0000-00-00 00:00:00', '0000-00-00 00:00:00', 'Ferdinandus Yonata', '', 'sembunyikan', 'sembunyikan', '', ''),
(2109, '16725', '0f4f778e61d44558c6f448a9cd313b08', 'Siswa', 'aktif', 0, '', '0000-00-00 00:00:00', '0000-00-00 00:00:00', 'Gabrielle Agnes Thalia', '', 'sembunyikan', 'sembunyikan', '', ''),
(2110, '16744', '21b9a07cb47f707a02489fd5e3b882bd', 'Siswa', 'aktif', 0, '', '0000-00-00 00:00:00', '0000-00-00 00:00:00', 'Herlin ', '', 'sembunyikan', 'sembunyikan', '', ''),
(2111, '16745', 'dc4781e4d7949791a2c973340de4a010', 'Siswa', 'aktif', 0, '', '0000-00-00 00:00:00', '0000-00-00 00:00:00', 'Hermawan Adinata', '', 'sembunyikan', 'sembunyikan', '', ''),
(2112, '16753', '1577e5ef0c7cf5fea7ec297c0d4adc36', 'Siswa', 'aktif', 0, '', '0000-00-00 00:00:00', '0000-00-00 00:00:00', 'Ivana Angela', '', 'sembunyikan', 'sembunyikan', '', ''),
(2113, '16757', '44e8c3e9d4a9b627e1c2d22b92d048f6', 'Siswa', 'aktif', 0, '', '0000-00-00 00:00:00', '0000-00-00 00:00:00', 'Janssen Sugiarto', '', 'sembunyikan', 'sembunyikan', '', ''),
(2114, '16758', '8e3a470dfb7d426c470e8e9bdf44df13', 'Siswa', 'aktif', 0, '', '0000-00-00 00:00:00', '0000-00-00 00:00:00', 'Jasmine Chiquita Yusuf', '', 'sembunyikan', 'sembunyikan', '', ''),
(2115, '16764', '1785cff273aedbd875c814b46928ad7f', 'Siswa', 'aktif', 0, '', '0000-00-00 00:00:00', '0000-00-00 00:00:00', 'Jessica Olivia', '', 'sembunyikan', 'sembunyikan', '', ''),
(2116, '16772', '0e06126ea56b3f361e310860d06dc790', 'Siswa', 'aktif', 0, '', '0000-00-00 00:00:00', '0000-00-00 00:00:00', 'Jonathan Koesuma', '', 'sembunyikan', 'sembunyikan', '', ''),
(2117, '16790', '22f9e2d5502451ace279d693de6ef609', 'Siswa', 'aktif', 0, '', '0000-00-00 00:00:00', '0000-00-00 00:00:00', 'Kevin Saputra Khosasi', '', 'sembunyikan', 'sembunyikan', '', ''),
(2118, '16798', '7081a9ee5d50032dc5537accf39da060', 'Siswa', 'aktif', 0, '', '0000-00-00 00:00:00', '0000-00-00 00:00:00', 'Kristoforus Wesley', '', 'sembunyikan', 'sembunyikan', '', ''),
(2119, '16826', 'f1248ade4381b326436757a0b5266088', 'Siswa', 'aktif', 0, '', '0000-00-00 00:00:00', '0000-00-00 00:00:00', 'Michelle Juventia Hokgiono', '', 'sembunyikan', 'sembunyikan', '', ''),
(2120, '16828', '131799f66a96ee034181e8a54b4c0b49', 'Siswa', 'aktif', 0, '', '0000-00-00 00:00:00', '0000-00-00 00:00:00', 'Monica Chandra', '', 'sembunyikan', 'sembunyikan', '', ''),
(2121, '16852', '65ddc1f88e46d28edac152bdb47193e0', 'Siswa', 'aktif', 0, '', '0000-00-00 00:00:00', '0000-00-00 00:00:00', 'Ratna Juwita Sari', '', 'sembunyikan', 'sembunyikan', '', ''),
(2122, '16855', 'e7da6f05f908822fcb5796464baf196b', 'Siswa', 'aktif', 0, '', '0000-00-00 00:00:00', '0000-00-00 00:00:00', 'Reynardo Kevin', '', 'sembunyikan', 'sembunyikan', '', ''),
(2123, '16861', '23d3743ad75e4470e7ff7129351a9541', 'Siswa', 'aktif', 0, '', '0000-00-00 00:00:00', '0000-00-00 00:00:00', 'Ruth Sonia Rosa Sianipar', '', 'sembunyikan', 'sembunyikan', '', ''),
(2124, '16863', 'fe33b4901179d6118f8859c27426e45b', 'Siswa', 'aktif', 0, '', '0000-00-00 00:00:00', '0000-00-00 00:00:00', 'Satrio Shianata Wetangky', '', 'sembunyikan', 'sembunyikan', '', ''),
(2125, '16879', '4b22a8375108a514ef8340e01c2e1af4', 'Siswa', 'aktif', 0, '', '0000-00-00 00:00:00', '0000-00-00 00:00:00', 'Steven', '', 'sembunyikan', 'sembunyikan', '', ''),
(2126, '16907', '47cc8fbdaeacd8c1d9fe325b11e0287e', 'Siswa', 'aktif', 0, '', '0000-00-00 00:00:00', '0000-00-00 00:00:00', 'Vu Yansen', '', 'sembunyikan', 'sembunyikan', '', ''),
(2127, '16923', '512844c25cd1c9af079ba08f868eb637', 'Siswa', 'aktif', 0, '', '0000-00-00 00:00:00', '0000-00-00 00:00:00', 'Yohanes Ezra Daniel S', '', 'sembunyikan', 'sembunyikan', '', ''),
(2128, '16924', 'ea2af5ea4aabdca1d9ded27f252b8e41', 'Siswa', 'aktif', 0, '', '0000-00-00 00:00:00', '0000-00-00 00:00:00', 'Yuni Dewi Susanti', '', 'sembunyikan', 'sembunyikan', '', ''),
(2129, '16928', 'f042fe2d8c2e42a80c9cb8ffc652d914', 'Siswa', 'aktif', 0, '', '0000-00-00 00:00:00', '0000-00-00 00:00:00', 'Felicia Layrensius', '', 'sembunyikan', 'sembunyikan', '', ''),
(2130, '16628', 'fe0d8e0451d08fc7206d99b1b71d7bde', 'Siswa', 'aktif', 0, '', '0000-00-00 00:00:00', '0000-00-00 00:00:00', 'Andreas Prasetyo', '', 'sembunyikan', 'sembunyikan', '', ''),
(2131, '16634', 'bd6c2fd1ded9513bc167f856167cf5dc', 'Siswa', 'aktif', 0, '', '0000-00-00 00:00:00', '0000-00-00 00:00:00', 'Angelia Fredella', '', 'sembunyikan', 'sembunyikan', '', ''),
(2132, '16640', 'd1aae872c07c10af8bc9918fdb28c28c', 'Siswa', 'aktif', 0, '', '0000-00-00 00:00:00', '0000-00-00 00:00:00', 'Apriandi', '', 'sembunyikan', 'sembunyikan', '', ''),
(2133, '16646', '99e9ed2e0253ae5f4b421592cf6ca2de', 'Siswa', 'aktif', 0, '', '0000-00-00 00:00:00', '0000-00-00 00:00:00', 'Benedictus Mahareshi Wisjnu Wicaksono', '', 'sembunyikan', 'sembunyikan', '', ''),
(2134, '16653', '1e5d71d3eda9d819ce132431c0b928db', 'Siswa', 'aktif', 0, '', '0000-00-00 00:00:00', '0000-00-00 00:00:00', 'Callista Jeslyn', '', 'sembunyikan', 'sembunyikan', '', ''),
(2135, '16663', 'b0ea65d0755634f5b2400f9925ad392b', 'Siswa', 'aktif', 0, '', '0000-00-00 00:00:00', '0000-00-00 00:00:00', 'Christian Willy Iskandar', '', 'sembunyikan', 'sembunyikan', '', ''),
(2136, '16674', 'cb054b2d984d93292e66d1e19d6e4655', 'Siswa', 'aktif', 0, '', '0000-00-00 00:00:00', '0000-00-00 00:00:00', 'Clarence Adiputra', '', 'sembunyikan', 'sembunyikan', '', ''),
(2137, '16682', 'a728f25dd7e2fd0c61730a517cb5659e', 'Siswa', 'aktif', 0, '', '0000-00-00 00:00:00', '0000-00-00 00:00:00', 'David Tjandra', '', 'sembunyikan', 'sembunyikan', '', ''),
(2138, '16684', 'c0daa585594b41bea3aeaf7af2a12e29', 'Siswa', 'aktif', 0, '', '0000-00-00 00:00:00', '0000-00-00 00:00:00', 'Desy Natalia Kristiani', '', 'sembunyikan', 'sembunyikan', '', ''),
(2139, '16688', '8d7aaf355a23f5c7a1d4a6c4d07193ab', 'Siswa', 'aktif', 0, '', '0000-00-00 00:00:00', '0000-00-00 00:00:00', 'Dina Tinezia', '', 'sembunyikan', 'sembunyikan', '', ''),
(2140, '16698', '47aea24ee4f77d9109518129a3d9c222', 'Siswa', 'aktif', 0, '', '0000-00-00 00:00:00', '0000-00-00 00:00:00', 'Emanuela Greta Hartandyo', '', 'sembunyikan', 'sembunyikan', '', ''),
(2141, '16706', '0b1a888bc5720fc6b2a1585f802f6964', 'Siswa', 'aktif', 0, '', '0000-00-00 00:00:00', '0000-00-00 00:00:00', 'Evita Yamin Suwito', '', 'sembunyikan', 'sembunyikan', '', ''),
(2142, '16711', '2da909b30de3798807581c1c14e0161c', 'Siswa', 'aktif', 0, '', '0000-00-00 00:00:00', '0000-00-00 00:00:00', 'Faustina Angel', '', 'sembunyikan', 'sembunyikan', '', ''),
(2143, '16716', 'f749025817f607fff3160d1e5244a9f6', 'Siswa', 'aktif', 0, '', '0000-00-00 00:00:00', '0000-00-00 00:00:00', 'Fennita Soeyoso Gondo', '', 'sembunyikan', 'sembunyikan', '', ''),
(2144, '16719', '735618b34fba373bd967813620ba0417', 'Siswa', 'aktif', 0, '', '0000-00-00 00:00:00', '0000-00-00 00:00:00', 'Fiona Audrey Eugenius', '', 'sembunyikan', 'sembunyikan', '', ''),
(2145, '16722', 'f9d81ff01aec9a8625983fe8f5c382f0', 'Siswa', 'aktif', 0, '', '0000-00-00 00:00:00', '0000-00-00 00:00:00', 'Gabriel Aprilia', '', 'sembunyikan', 'sembunyikan', '', ''),
(2146, '16727', '6876925aadb300b04d29c8cb3427d8da', 'Siswa', 'aktif', 0, '', '0000-00-00 00:00:00', '0000-00-00 00:00:00', 'Gadmon Hans Prajogo', '', 'sembunyikan', 'sembunyikan', '', ''),
(2147, '16743', '21eca1b8f66e8247daca8dd2fecd844c', 'Siswa', 'aktif', 0, '', '0000-00-00 00:00:00', '0000-00-00 00:00:00', 'Henry Sintan Sutanto', '', 'sembunyikan', 'sembunyikan', '', ''),
(2148, '16760', '042b1cd756a6b6b7c3517cd63eea2325', 'Siswa', 'aktif', 0, '', '0000-00-00 00:00:00', '0000-00-00 00:00:00', 'Jeremy Renaldi Halim', '', 'sembunyikan', 'sembunyikan', '', ''),
(2149, '16763', 'b8c06480a3e0c575506bbd1e7e5cf02d', 'Siswa', 'aktif', 0, '', '0000-00-00 00:00:00', '0000-00-00 00:00:00', 'Jessica Oktaviani Tanandjaja', '', 'sembunyikan', 'sembunyikan', '', ''),
(2150, '16769', '48229fd6aa4328151e40bda429d8e182', 'Siswa', 'aktif', 0, '', '0000-00-00 00:00:00', '0000-00-00 00:00:00', 'Johanes Jefferson Siswanto', '', 'sembunyikan', 'sembunyikan', '', ''),
(2151, '16782', 'faa1f47d99384715608f21292313ab25', 'Siswa', 'aktif', 0, '', '0000-00-00 00:00:00', '0000-00-00 00:00:00', 'Kelvin Gunawan Hartono', '', 'sembunyikan', 'sembunyikan', '', ''),
(2152, '16784', '506e185dccf97ea9082b991ab2556d9d', 'Siswa', 'aktif', 0, '', '0000-00-00 00:00:00', '0000-00-00 00:00:00', 'Kenny Adi Chitra Limanjaya', '', 'sembunyikan', 'sembunyikan', '', ''),
(2153, '16788', '948ba1dc8cc4cc26e5d9d4f358660c2d', 'Siswa', 'aktif', 0, '', '0000-00-00 00:00:00', '0000-00-00 00:00:00', 'Kevin Hadi Winata', '', 'sembunyikan', 'sembunyikan', '', ''),
(2154, '16825', '1e5ae5c4ebcc2cadb8a09909f3731c35', 'Siswa', 'aktif', 0, '', '0000-00-00 00:00:00', '0000-00-00 00:00:00', 'Michael Ivan Reinald', '', 'sembunyikan', 'sembunyikan', '', ''),
(2155, '16833', 'b1553ff2787f1055807a8058fe1f8d99', 'Siswa', 'aktif', 0, '', '0000-00-00 00:00:00', '0000-00-00 00:00:00', 'Moses Setiady', '', 'sembunyikan', 'sembunyikan', '', ''),
(2156, '16844', '916c389b30d9307cfa88f78e037eed17', 'Siswa', 'aktif', 0, '', '0000-00-00 00:00:00', '0000-00-00 00:00:00', 'Novilia Gandi', '', 'sembunyikan', 'sembunyikan', '', ''),
(2157, '16850', 'efee1278c6172f7361d1900617faede2', 'Siswa', 'aktif', 0, '', '0000-00-00 00:00:00', '0000-00-00 00:00:00', 'Pollen Sandro Ongkowijoyo', '', 'sembunyikan', 'sembunyikan', '', ''),
(2158, '16867', '72c288a828485e5b1d4c52910d106734', 'Siswa', 'aktif', 0, '', '0000-00-00 00:00:00', '0000-00-00 00:00:00', 'Silvia', '', 'sembunyikan', 'sembunyikan', '', ''),
(2159, '16876', 'b294fccdfe95bc7f7dd813216a821a76', 'Siswa', 'aktif', 0, '', '0000-00-00 00:00:00', '0000-00-00 00:00:00', 'Stella Gracia Laksmana', '', 'sembunyikan', 'sembunyikan', '', ''),
(2160, '16892', '0a187866618ca3049030ec5014860ae8', 'Siswa', 'aktif', 0, '', '0000-00-00 00:00:00', '0000-00-00 00:00:00', 'Vanessa Velancia Prajogo', '', 'sembunyikan', 'sembunyikan', '', ''),
(2161, '16896', '1f5bb9b79cb995f65aa9f6d649c5f49f', 'Siswa', 'aktif', 0, '', '0000-00-00 00:00:00', '0000-00-00 00:00:00', 'Vellicia Quinnita Wijaya', '', 'sembunyikan', 'sembunyikan', '', ''),
(2162, '16897', 'e91358846c5b47cfd46866b21d9f7da3', 'Siswa', 'aktif', 0, '', '0000-00-00 00:00:00', '0000-00-00 00:00:00', 'Vergina Natasha', '', 'sembunyikan', 'sembunyikan', '', ''),
(2163, '16913', '9005e22c1f6a91269cfaf51aedb6e83b', 'Siswa', 'aktif', 0, '', '0000-00-00 00:00:00', '0000-00-00 00:00:00', 'Willy Christian Suyono', '', 'sembunyikan', 'sembunyikan', '', ''),
(2164, '16620', '8462aabd1f45abacfa90cb0f15b8199e', 'Siswa', 'aktif', 0, '', '0000-00-00 00:00:00', '0000-00-00 00:00:00', 'Alvin Fabian', '', 'sembunyikan', 'sembunyikan', '', ''),
(2165, '16625', 'abff833e69ceda5b038c0f2b98d71525', 'Siswa', 'aktif', 0, '', '0000-00-00 00:00:00', '0000-00-00 00:00:00', 'Anastasia Tertiara Diva Intani', '', 'sembunyikan', 'sembunyikan', '', ''),
(2166, '16630', 'c2e2a6521fbf5aab3693d9dd7ca9cb1e', 'Siswa', 'aktif', 0, '', '0000-00-00 00:00:00', '0000-00-00 00:00:00', 'Andrew Sofian', '', 'sembunyikan', 'sembunyikan', '', ''),
(2167, '16658', 'ded693405194bd811d9dde0e3cf270e8', 'Siswa', 'aktif', 0, '', '0000-00-00 00:00:00', '0000-00-00 00:00:00', 'Christabella Panggabean', '', 'sembunyikan', 'sembunyikan', '', ''),
(2168, '16668', '143f1e6c0c94814481445e0352cd626c', 'Siswa', 'aktif', 0, '', '0000-00-00 00:00:00', '0000-00-00 00:00:00', 'Cindy Baby Lesmana', '', 'sembunyikan', 'sembunyikan', '', ''),
(2169, '16673', '1b58db3880e247fb67c3b8b57d6d1912', 'Siswa', 'aktif', 0, '', '0000-00-00 00:00:00', '0000-00-00 00:00:00', 'Clara Tanazal', '', 'sembunyikan', 'sembunyikan', '', ''),
(2170, '16681', 'e746ec9d02541b374a9aead8fdb941fe', 'Siswa', 'aktif', 0, '', '0000-00-00 00:00:00', '0000-00-00 00:00:00', 'Darmadi Soetjahja', '', 'sembunyikan', 'sembunyikan', '', ''),
(2171, '16694', '8aa71aee354f4cae862cabcf498ae1f6', 'Siswa', 'aktif', 0, '', '0000-00-00 00:00:00', '0000-00-00 00:00:00', 'Elizabeth Geraldine Calista', '', 'sembunyikan', 'sembunyikan', '', ''),
(2172, '16707', '40d1075be60b9feb074947fb019cc6b4', 'Siswa', 'aktif', 0, '', '0000-00-00 00:00:00', '0000-00-00 00:00:00', 'F.X. Adhika Wicaksana Putra Zihono', '', 'sembunyikan', 'sembunyikan', '', ''),
(2173, '16751', 'a91f5b7694960ec78204af05f421a699', 'Siswa', 'aktif', 0, '', '0000-00-00 00:00:00', '0000-00-00 00:00:00', 'Irvan Ferdinand', '', 'sembunyikan', 'sembunyikan', '', ''),
(2174, '16755', 'eefbed3864900fbf045a269dd8bd4c8e', 'Siswa', 'aktif', 0, '', '0000-00-00 00:00:00', '0000-00-00 00:00:00', 'Ivania Budi Cendika', '', 'sembunyikan', 'sembunyikan', '', ''),
(2175, '16768', 'ead8e65817265dd1346c3d2b2ba251c5', 'Siswa', 'aktif', 0, '', '0000-00-00 00:00:00', '0000-00-00 00:00:00', 'Johan Witono', '', 'sembunyikan', 'sembunyikan', '', '');
INSERT INTO `useraura` (`UserId`, `user`, `password`, `level`, `tipe`, `is_online`, `last_ping`, `start`, `exp`, `nama`, `photo`, `statusemail`, `statustelp`, `email`, `telp`) VALUES
(2176, '16779', '2caba685d55ef0854e19c297cf95df35', 'Siswa', 'aktif', 0, '', '0000-00-00 00:00:00', '0000-00-00 00:00:00', 'Kathryn Immanuel Wahyudi', '', 'sembunyikan', 'sembunyikan', '', ''),
(2177, '16781', '18dabb99ce171ea5a317521425d5c206', 'Siswa', 'aktif', 0, '', '0000-00-00 00:00:00', '0000-00-00 00:00:00', 'Kelvin Christianto', '', 'sembunyikan', 'sembunyikan', '', ''),
(2178, '16791', 'e9d3e114b1cf19de5ae8d014512350c2', 'Siswa', 'aktif', 0, '', '0000-00-00 00:00:00', '0000-00-00 00:00:00', 'Kevin Susanto', '', 'sembunyikan', 'sembunyikan', '', ''),
(2179, '16797', '703aea31975f2fa45fdb3e4a8e378ad1', 'Siswa', 'aktif', 0, '', '0000-00-00 00:00:00', '0000-00-00 00:00:00', 'Kristoforus Ryan', '', 'sembunyikan', 'sembunyikan', '', ''),
(2180, '16804', 'c752a2fef40ec94d00999635f7599f25', 'Siswa', 'aktif', 0, '', '0000-00-00 00:00:00', '0000-00-00 00:00:00', 'Lia Indrawati', '', 'sembunyikan', 'sembunyikan', '', ''),
(2181, '16806', 'd6da0257d11fb247f4a607bae48f69d1', 'Siswa', 'aktif', 0, '', '0000-00-00 00:00:00', '0000-00-00 00:00:00', 'Lisa Juliet', '', 'sembunyikan', 'sembunyikan', '', ''),
(2182, '16809', 'e98aebc54e5513e88b2014574d209255', 'Siswa', 'aktif', 0, '', '0000-00-00 00:00:00', '0000-00-00 00:00:00', 'Malvin Manuel Mulyadi', '', 'sembunyikan', 'sembunyikan', '', ''),
(2183, '16822', 'feddfedc98490ed7e123db392f076fa1', 'Siswa', 'aktif', 0, '', '0000-00-00 00:00:00', '0000-00-00 00:00:00', 'Melissa Fransisca Chandra', '', 'sembunyikan', 'sembunyikan', '', ''),
(2184, '16832', '030869ecc70e997804feed92f3a8fbdc', 'Siswa', 'aktif', 0, '', '0000-00-00 00:00:00', '0000-00-00 00:00:00', 'Monika Evelin', '', 'sembunyikan', 'sembunyikan', '', ''),
(2185, '16838', '24c754ea4f5945ac0c266fb32e497918', 'Siswa', 'aktif', 0, '', '0000-00-00 00:00:00', '0000-00-00 00:00:00', 'Natashia Liliani Laksmana', '', 'sembunyikan', 'sembunyikan', '', ''),
(2186, '16841', 'a80c49e34cbf3a1eb1dab16597789c02', 'Siswa', 'aktif', 0, '', '0000-00-00 00:00:00', '0000-00-00 00:00:00', 'Nathanael Setyohadi', '', 'sembunyikan', 'sembunyikan', '', ''),
(2187, '16842', '352aadcdb01b30bdbd6c5f13d27ed9b5', 'Siswa', 'aktif', 0, '', '0000-00-00 00:00:00', '0000-00-00 00:00:00', 'Nico Cristian Andresia', '', 'sembunyikan', 'sembunyikan', '', ''),
(2188, '16848', 'cb11a12474e34b83e38e06d2ef1b2830', 'Siswa', 'aktif', 0, '', '0000-00-00 00:00:00', '0000-00-00 00:00:00', 'Peni Tiewanto', '', 'sembunyikan', 'sembunyikan', '', ''),
(2189, '16849', '8be64f5ea8bd4076c00a9b0fea49189c', 'Siswa', 'aktif', 0, '', '0000-00-00 00:00:00', '0000-00-00 00:00:00', 'Peter Suseno', '', 'sembunyikan', 'sembunyikan', '', ''),
(2190, '16875', '92bdee4b02b1dab018f526948437d3d6', 'Siswa', 'aktif', 0, '', '0000-00-00 00:00:00', '0000-00-00 00:00:00', 'Stella Agrippina', '', 'sembunyikan', 'sembunyikan', '', ''),
(2191, '16880', '3a6cd33291178d268ef37b305c3f8c0e', 'Siswa', 'aktif', 0, '', '0000-00-00 00:00:00', '0000-00-00 00:00:00', 'Steven Benedictus Darmono', '', 'sembunyikan', 'sembunyikan', '', ''),
(2192, '16894', '3551e8036c7244b6222b029f97a1d5b4', 'Siswa', 'aktif', 0, '', '0000-00-00 00:00:00', '0000-00-00 00:00:00', 'Vania Clara Angela', '', 'sembunyikan', 'sembunyikan', '', ''),
(2193, '16898', '22811ee19846217512507785e74d12cc', 'Siswa', 'aktif', 0, '', '0000-00-00 00:00:00', '0000-00-00 00:00:00', 'Vernando Yosua Ginantha', '', 'sembunyikan', 'sembunyikan', '', ''),
(2194, '16903', 'aff9f10fb217690e970068c85ca78c49', 'Siswa', 'aktif', 0, '', '0000-00-00 00:00:00', '0000-00-00 00:00:00', 'Vincent Putra Wikarsa', '', 'sembunyikan', 'sembunyikan', '', ''),
(2195, '16909', 'bad815642779b6e483ae2e3ace29e419', 'Siswa', 'aktif', 0, '', '0000-00-00 00:00:00', '0000-00-00 00:00:00', 'Wibisono Saputro', '', 'sembunyikan', 'sembunyikan', '', ''),
(2196, '16916', 'a7974b664364f1655de4ae0484a7bcaf', 'Siswa', 'aktif', 0, '', '0000-00-00 00:00:00', '0000-00-00 00:00:00', 'Yenni Kurniaputri', '', 'sembunyikan', 'sembunyikan', '', ''),
(2197, '16918', 'c10059c0ac08e46e083e38750387f953', 'Siswa', 'aktif', 0, '', '0000-00-00 00:00:00', '0000-00-00 00:00:00', 'Yeyen Ramadhani Ningtias', '', 'sembunyikan', 'sembunyikan', '', ''),
(2198, '16921', '98795443cdbf0375dd946728e2f4e51a', 'Siswa', 'aktif', 0, '', '0000-00-00 00:00:00', '0000-00-00 00:00:00', 'Yohana Agustina', '', 'sembunyikan', 'sembunyikan', '', ''),
(2199, '16619', 'e4c072e019448100c4f7c2059729f050', 'Siswa', 'aktif', 0, '', '0000-00-00 00:00:00', '0000-00-00 00:00:00', 'Aloisius Calvin Mazzarello', '', 'sembunyikan', 'sembunyikan', '', ''),
(2200, '16629', 'f829eaa5d93d1460a25680acc00f8b57', 'Siswa', 'aktif', 0, '', '0000-00-00 00:00:00', '0000-00-00 00:00:00', 'Andreas Setriyono', '', 'sembunyikan', 'sembunyikan', '', ''),
(2201, '16635', '32cfe1632e63ffeea8bd9f57d652cc34', 'Siswa', 'aktif', 0, '', '0000-00-00 00:00:00', '0000-00-00 00:00:00', 'Angella Octavia', '', 'sembunyikan', 'sembunyikan', '', ''),
(2202, '16661', '579c06a09a6114c5553f04d12df29e6a', 'Siswa', 'aktif', 0, '', '0000-00-00 00:00:00', '0000-00-00 00:00:00', 'Christian Robby  Hartono Putra', '', 'sembunyikan', 'sembunyikan', '', ''),
(2203, '16683', '55c57ba9cf3a2b8b3fb3fbd1bad32141', 'Siswa', 'aktif', 0, '', '0000-00-00 00:00:00', '0000-00-00 00:00:00', 'Dennis Harnandi Lukito', '', 'sembunyikan', 'sembunyikan', '', ''),
(2204, '16686', '07401aaff3da03b55ec7be2c6a6e5691', 'Siswa', 'aktif', 0, '', '0000-00-00 00:00:00', '0000-00-00 00:00:00', 'Devino Vega Armando', '', 'sembunyikan', 'sembunyikan', '', ''),
(2205, '16693', '2e970f99fa7f2805d8be0cc8a73f770f', 'Siswa', 'aktif', 0, '', '0000-00-00 00:00:00', '0000-00-00 00:00:00', 'Edwin Hendrawan', '', 'sembunyikan', 'sembunyikan', '', ''),
(2206, '16696', 'c746ed54345cbcf402dfe35fa8d9b010', 'Siswa', 'aktif', 0, '', '0000-00-00 00:00:00', '0000-00-00 00:00:00', 'Elyan Geovani Wijaya', '', 'sembunyikan', 'sembunyikan', '', ''),
(2207, '16697', 'd0bfcb426cd8154f5350db5a73e29b4d', 'Siswa', 'aktif', 0, '', '0000-00-00 00:00:00', '0000-00-00 00:00:00', 'Emanuela Adinna', '', 'sembunyikan', 'sembunyikan', '', ''),
(2208, '16705', 'b30aaacaa1c07542cee83f65004cfba6', 'Siswa', 'aktif', 0, '', '0000-00-00 00:00:00', '0000-00-00 00:00:00', 'Evelyn Setiadarma', '', 'sembunyikan', 'sembunyikan', '', ''),
(2209, '16715', '0199289fa8c8a6c025c5df1c04485588', 'Siswa', 'aktif', 0, '', '0000-00-00 00:00:00', '0000-00-00 00:00:00', 'Felisia Cahyani Pangestu', '', 'sembunyikan', 'sembunyikan', '', ''),
(2210, '16721', '6226c5b0f6a9b68f3dee542ab5c34545', 'Siswa', 'aktif', 0, '', '0000-00-00 00:00:00', '0000-00-00 00:00:00', 'Fransiska Sianne', '', 'sembunyikan', 'sembunyikan', '', ''),
(2211, '16736', '5a2a44703e98c359e5e7bf6db01b3a15', 'Siswa', 'aktif', 0, '', '0000-00-00 00:00:00', '0000-00-00 00:00:00', 'Gratianus Gerry', '', 'sembunyikan', 'sembunyikan', '', ''),
(2212, '16739', '0fc163f5d52156860e72d1993e30ed6a', 'Siswa', 'aktif', 0, '', '0000-00-00 00:00:00', '0000-00-00 00:00:00', 'Handrianto Mulyono P.W.', '', 'sembunyikan', 'sembunyikan', '', ''),
(2213, '16766', 'bdd5ce7ae365c29e6499ac1aa858235c', 'Siswa', 'aktif', 0, '', '0000-00-00 00:00:00', '0000-00-00 00:00:00', 'Jessica Widjaja', '', 'sembunyikan', 'sembunyikan', '', ''),
(2214, '16774', '00126b47d5502dfb7d01f750ad23d813', 'Siswa', 'aktif', 0, '', '0000-00-00 00:00:00', '0000-00-00 00:00:00', 'Joshua Axel Limandjaja', '', 'sembunyikan', 'sembunyikan', '', ''),
(2215, '16787', '1e53b79716f96e36c06132ddb9cd53d9', 'Siswa', 'aktif', 0, '', '0000-00-00 00:00:00', '0000-00-00 00:00:00', 'Kevin Ekyra Khowidiyantho', '', 'sembunyikan', 'sembunyikan', '', ''),
(2216, '16796', 'a979ca72826d945a5ac992029145141c', 'Siswa', 'aktif', 0, '', '0000-00-00 00:00:00', '0000-00-00 00:00:00', 'Kresna Vincent Philbert', '', 'sembunyikan', 'sembunyikan', '', ''),
(2217, '16815', '339e2f61ba171de04b12646bb30b329b', 'Siswa', 'aktif', 0, '', '0000-00-00 00:00:00', '0000-00-00 00:00:00', 'Mariani  ', '', 'sembunyikan', 'sembunyikan', '', ''),
(2218, '16830', '0672340d6136be227ea1cbc63fa221b2', 'Siswa', 'aktif', 0, '', '0000-00-00 00:00:00', '0000-00-00 00:00:00', 'Monica Kerren Angel', '', 'sembunyikan', 'sembunyikan', '', ''),
(2219, '16835', '40ace1babb133e1ea17f09932dd2e508', 'Siswa', 'aktif', 0, '', '0000-00-00 00:00:00', '0000-00-00 00:00:00', 'Naomi Belinda May Arbai', '', 'sembunyikan', 'sembunyikan', '', ''),
(2220, '16840', '304cdd05f67e3dd4379b3474d7109575', 'Siswa', 'aktif', 0, '', '0000-00-00 00:00:00', '0000-00-00 00:00:00', 'Nathanael Andrew H.S.', '', 'sembunyikan', 'sembunyikan', '', ''),
(2221, '16846', '2bed57b5e7da7db0be5cd65a00bf6405', 'Siswa', 'aktif', 0, '', '0000-00-00 00:00:00', '0000-00-00 00:00:00', 'Olyvia Mega', '', 'sembunyikan', 'sembunyikan', '', ''),
(2222, '16868', 'd5eb74205aad313dd6361a1089c4e424', 'Siswa', 'aktif', 0, '', '0000-00-00 00:00:00', '0000-00-00 00:00:00', 'Silvia Triyanti Luis', '', 'sembunyikan', 'sembunyikan', '', ''),
(2223, '16874', '8a5bfb060ee1f97ecba56d60c049b52d', 'Siswa', 'aktif', 0, '', '0000-00-00 00:00:00', '0000-00-00 00:00:00', 'Stefhani', '', 'sembunyikan', 'sembunyikan', '', ''),
(2224, '16891', 'eb1daa7f2b5068f7127382b1eae924b7', 'Siswa', 'aktif', 0, '', '0000-00-00 00:00:00', '0000-00-00 00:00:00', 'Valensia Elke Filia Referina Nurak', '', 'sembunyikan', 'sembunyikan', '', ''),
(2225, '16900', '54d303c9ddc2a43df23563254885d936', 'Siswa', 'aktif', 0, '', '0000-00-00 00:00:00', '0000-00-00 00:00:00', 'Vianney Agustina', '', 'sembunyikan', 'sembunyikan', '', ''),
(2226, '16902', '19d68f6ca8cc5e2a52ade5516d359e52', 'Siswa', 'aktif', 0, '', '0000-00-00 00:00:00', '0000-00-00 00:00:00', 'Vincent', '', 'sembunyikan', 'sembunyikan', '', ''),
(2227, '16904', 'b92d0fcbc8d2624a2ea66907feb8d8de', 'Siswa', 'aktif', 0, '', '0000-00-00 00:00:00', '0000-00-00 00:00:00', 'Vincentius Kevin Listyo', '', 'sembunyikan', 'sembunyikan', '', ''),
(2228, '16915', '5f8a451fe4917f0a5c7d39ff14660f94', 'Siswa', 'aktif', 0, '', '0000-00-00 00:00:00', '0000-00-00 00:00:00', 'Windriyanto Korintus Bagaspatih', '', 'sembunyikan', 'sembunyikan', '', ''),
(2229, '16917', '64933557e9c872deb3784326e0ab19b0', 'Siswa', 'aktif', 0, '', '0000-00-00 00:00:00', '0000-00-00 00:00:00', 'Yessidora', '', 'sembunyikan', 'sembunyikan', '', ''),
(2230, '16922', '7a1bc993c84aa757a165fbc2984ae42f', 'Siswa', 'aktif', 0, '', '0000-00-00 00:00:00', '0000-00-00 00:00:00', 'Yohanes Alim Budiarto', '', 'sembunyikan', 'sembunyikan', '', ''),
(2231, '16927', 'be4188c0d0d914d4f54684b7b79fc726', 'Siswa', 'aktif', 0, '', '0000-00-00 00:00:00', '0000-00-00 00:00:00', 'Zerlina Avissa Chandra Dewi Widodo', '', 'sembunyikan', 'sembunyikan', '', ''),
(2232, '16929', '4b31cbd7ab8fbbd7f8a510d3bda60c66', 'Siswa', 'aktif', 0, '', '0000-00-00 00:00:00', '0000-00-00 00:00:00', 'Ester Indo Sien Simu', '', 'sembunyikan', 'sembunyikan', '', ''),
(2233, '16632', '07cdd403268d6f173eff1fc8dac04d63', 'Siswa', 'aktif', 0, '', '0000-00-00 00:00:00', '0000-00-00 00:00:00', 'Angela Pricilla Cahyadi', '', 'sembunyikan', 'sembunyikan', '', ''),
(2234, '16636', 'f295553be4c2f4e76f6d15d3dc22e9dd', 'Siswa', 'aktif', 0, '', '0000-00-00 00:00:00', '0000-00-00 00:00:00', 'Anita Caroline', '', 'sembunyikan', 'sembunyikan', '', ''),
(2235, '16638', 'b3432faaca931632a24fc96b3d1c71ef', 'Siswa', 'aktif', 0, '', '0000-00-00 00:00:00', '0000-00-00 00:00:00', 'Anthony Reinaldo Riyaldi', '', 'sembunyikan', 'sembunyikan', '', ''),
(2236, '16641', '82429353edda060e9bf4c01c1e70602e', 'Siswa', 'aktif', 0, '', '0000-00-00 00:00:00', '0000-00-00 00:00:00', 'Astricia Wirana', '', 'sembunyikan', 'sembunyikan', '', ''),
(2237, '16652', '8d9538d163f6009cec27b8e61cbdd981', 'Siswa', 'aktif', 0, '', '0000-00-00 00:00:00', '0000-00-00 00:00:00', 'Bryant Hebert Ongkojoyo', '', 'sembunyikan', 'sembunyikan', '', ''),
(2238, '16655', '791427014ac440583f48f02159b233e6', 'Siswa', 'aktif', 0, '', '0000-00-00 00:00:00', '0000-00-00 00:00:00', 'Calvin Cahyadi', '', 'sembunyikan', 'sembunyikan', '', ''),
(2239, '16671', '5d4e2809bba49effaa7e5ca4202d043e', 'Siswa', 'aktif', 0, '', '0000-00-00 00:00:00', '0000-00-00 00:00:00', 'Clara Bella Jessica Arijaya', '', 'sembunyikan', 'sembunyikan', '', ''),
(2240, '16676', 'a5ee6457150a2d96a0015872541956c3', 'Siswa', 'aktif', 0, '', '0000-00-00 00:00:00', '0000-00-00 00:00:00', 'Claudia Wina Andrea', '', 'sembunyikan', 'sembunyikan', '', ''),
(2241, '16687', '12e369da0630f39bda204840c316a6ed', 'Siswa', 'aktif', 0, '', '0000-00-00 00:00:00', '0000-00-00 00:00:00', 'Diana Setyawati Puteri', '', 'sembunyikan', 'sembunyikan', '', ''),
(2242, '16712', '8344cdd7d8077edf2d22f574cf23dc8f', 'Siswa', 'aktif', 0, '', '0000-00-00 00:00:00', '0000-00-00 00:00:00', 'Febrian Anthoni', '', 'sembunyikan', 'sembunyikan', '', ''),
(2243, '16730', '6d80fca29ede446759da7bf81c4a1b1e', 'Siswa', 'aktif', 0, '', '0000-00-00 00:00:00', '0000-00-00 00:00:00', 'Geraldo Christo Cahyono', '', 'sembunyikan', 'sembunyikan', '', ''),
(2244, '16731', '76c1922dbf7e6b9d65c1c0d06e8f9118', 'Siswa', 'aktif', 0, '', '0000-00-00 00:00:00', '0000-00-00 00:00:00', 'Gillian Stefanny Fung Chandra', '', 'sembunyikan', 'sembunyikan', '', ''),
(2245, '16737', '68b3d03d38ad88126ede9cee289b6661', 'Siswa', 'aktif', 0, '', '0000-00-00 00:00:00', '0000-00-00 00:00:00', 'Gregorius Michael Marvin', '', 'sembunyikan', 'sembunyikan', '', ''),
(2246, '16750', '8dd87392f8dd35f1dc9d2cfe656a83b9', 'Siswa', 'aktif', 0, '', '0000-00-00 00:00:00', '0000-00-00 00:00:00', 'Irene Alvania', '', 'sembunyikan', 'sembunyikan', '', ''),
(2247, '16773', '1f689175473dcc4f921a76933e45bbb5', 'Siswa', 'aktif', 0, '', '0000-00-00 00:00:00', '0000-00-00 00:00:00', 'Jonathan Tandijono', '', 'sembunyikan', 'sembunyikan', '', ''),
(2248, '16777', 'fbb277905c67ac8f363f7a22e50eb95b', 'Siswa', 'aktif', 0, '', '0000-00-00 00:00:00', '0000-00-00 00:00:00', 'Jusak Prasetio Tanuraharja', '', 'sembunyikan', 'sembunyikan', '', ''),
(2249, '16778', '1170017b40d1ba28394ebc44158dae8a', 'Siswa', 'aktif', 0, '', '0000-00-00 00:00:00', '0000-00-00 00:00:00', 'Kadek Aling Indrawati', '', 'sembunyikan', 'sembunyikan', '', ''),
(2250, '16793', '3a3ac2ab1c65f0a2dc7087b57062470e', 'Siswa', 'aktif', 0, '', '0000-00-00 00:00:00', '0000-00-00 00:00:00', 'Kevin Theodore', '', 'sembunyikan', 'sembunyikan', '', ''),
(2251, '16794', '5770c1ead6a03018e70d0ffe8e50e86a', 'Siswa', 'aktif', 0, '', '0000-00-00 00:00:00', '0000-00-00 00:00:00', 'Kian Raynaldi', '', 'sembunyikan', 'sembunyikan', '', ''),
(2252, '16807', '8694959cf2d53e57681d8fdc472468d6', 'Siswa', 'aktif', 0, '', '0000-00-00 00:00:00', '0000-00-00 00:00:00', 'Luke Wongso', '', 'sembunyikan', 'sembunyikan', '', ''),
(2253, '16811', '9dbc59f98f5e213ac6967df00e1e1e06', 'Siswa', 'aktif', 0, '', '0000-00-00 00:00:00', '0000-00-00 00:00:00', 'Maria Angelia', '', 'sembunyikan', 'sembunyikan', '', ''),
(2254, '16824', '589bc0d3a8cfeace553b6869205e0172', 'Siswa', 'aktif', 0, '', '0000-00-00 00:00:00', '0000-00-00 00:00:00', 'Michael Alfian Camdesus Jondar', '', 'sembunyikan', 'sembunyikan', '', ''),
(2255, '16843', 'c0b9031eabb6c34699a6427622186cdc', 'Siswa', 'aktif', 0, '', '0000-00-00 00:00:00', '0000-00-00 00:00:00', 'Nico Gerry', '', 'sembunyikan', 'sembunyikan', '', ''),
(2256, '16847', 'a5e4edb22210b2b92b75baac5ed3c40a', 'Siswa', 'aktif', 0, '', '0000-00-00 00:00:00', '0000-00-00 00:00:00', 'Patricia Monique Gunawan', '', 'sembunyikan', 'sembunyikan', '', ''),
(2257, '16851', 'b803f0a4e6b8514f2dab43eaca581b05', 'Siswa', 'aktif', 0, '', '0000-00-00 00:00:00', '0000-00-00 00:00:00', 'Prastya  Aldo Trisna Wijaya R.', '', 'sembunyikan', 'sembunyikan', '', ''),
(2258, '16853', '775a46e8c6d09ce5548db66cc249435c', 'Siswa', 'aktif', 0, '', '0000-00-00 00:00:00', '0000-00-00 00:00:00', 'Ratna Permatasari', '', 'sembunyikan', 'sembunyikan', '', ''),
(2259, '16856', 'a5148ecf1c9f85aadcf0e2feb881df73', 'Siswa', 'aktif', 0, '', '0000-00-00 00:00:00', '0000-00-00 00:00:00', 'Ribka Kinanti Maharani Kassa', '', 'sembunyikan', 'sembunyikan', '', ''),
(2260, '16862', '3550284cdc2575eae68335f00870aaab', 'Siswa', 'aktif', 0, '', '0000-00-00 00:00:00', '0000-00-00 00:00:00', 'Saferiana Friska Dian Arif', '', 'sembunyikan', 'sembunyikan', '', ''),
(2261, '16878', 'dfe0c74a3f265edd7b90e43990e70b00', 'Siswa', 'aktif', 0, '', '0000-00-00 00:00:00', '0000-00-00 00:00:00', 'Stephanie Angeline', '', 'sembunyikan', 'sembunyikan', '', ''),
(2262, '16881', '1c52486ff0b2a44fbfefeb15d21f53ae', 'Siswa', 'aktif', 0, '', '0000-00-00 00:00:00', '0000-00-00 00:00:00', 'Steven Christian', '', 'sembunyikan', 'sembunyikan', '', ''),
(2263, '16906', '068190eec8a5bd9ac8b4634d95e97307', 'Siswa', 'aktif', 0, '', '0000-00-00 00:00:00', '0000-00-00 00:00:00', 'Vivian Wijaya', '', 'sembunyikan', 'sembunyikan', '', ''),
(2264, '16908', 'a1395df0a1abc218eb63b3addbdd1693', 'Siswa', 'aktif', 0, '', '0000-00-00 00:00:00', '0000-00-00 00:00:00', 'Wahyu Trisna Ardi', '', 'sembunyikan', 'sembunyikan', '', ''),
(2265, '16912', '81e68999106d6798eca552cbb9337751', 'Siswa', 'aktif', 0, '', '0000-00-00 00:00:00', '0000-00-00 00:00:00', 'William Herdiyanto Subandi', '', 'sembunyikan', 'sembunyikan', '', ''),
(2266, '16919', 'e8ac54cbe87fabc82b852e38d18ddfc4', 'Siswa', 'aktif', 0, '', '0000-00-00 00:00:00', '0000-00-00 00:00:00', 'Yngwie Ursula Halim', '', 'sembunyikan', 'sembunyikan', '', ''),
(2267, '16623', 'e21878f9417743f70159ddb95bfb6997', 'Siswa', 'aktif', 0, '', '0000-00-00 00:00:00', '0000-00-00 00:00:00', 'Amadeus Kevin Milan Prassale', '', 'sembunyikan', 'sembunyikan', '', ''),
(2268, '16633', '9274a5a0ee8785f893c95ac9420bfecf', 'Siswa', 'aktif', 0, '', '0000-00-00 00:00:00', '0000-00-00 00:00:00', 'Angela Priscila Montolalu', '', 'sembunyikan', 'sembunyikan', '', ''),
(2269, '16644', '30b791a885974b40f58ca90a28ec695d', 'Siswa', 'aktif', 0, '', '0000-00-00 00:00:00', '0000-00-00 00:00:00', 'Axel Beny Putra', '', 'sembunyikan', 'sembunyikan', '', ''),
(2270, '16647', 'b338e58b59a9ca0892d2f528f6ae2ae4', 'Siswa', 'aktif', 0, '', '0000-00-00 00:00:00', '0000-00-00 00:00:00', 'Benjamin Chandra', '', 'sembunyikan', 'sembunyikan', '', ''),
(2271, '16649', 'bd896f3dbc16b0042625fbf0a8ab8b3a', 'Siswa', 'aktif', 0, '', '0000-00-00 00:00:00', '0000-00-00 00:00:00', 'Billy Sanata Setyo Handiko', '', 'sembunyikan', 'sembunyikan', '', ''),
(2272, '16665', 'c881617af0ae19b38dd0546548cd53ad', 'Siswa', 'aktif', 0, '', '0000-00-00 00:00:00', '0000-00-00 00:00:00', 'Christine', '', 'sembunyikan', 'sembunyikan', '', ''),
(2273, '16670', '5b18e1a3e2092783aea4b1aa4a894d8a', 'Siswa', 'aktif', 0, '', '0000-00-00 00:00:00', '0000-00-00 00:00:00', 'Cindy Junita', '', 'sembunyikan', 'sembunyikan', '', ''),
(2274, '16703', 'a1018bd684f0c6a62f01999a180e764b', 'Siswa', 'aktif', 0, '', '0000-00-00 00:00:00', '0000-00-00 00:00:00', 'Eugenius Timothy Halim', '', 'sembunyikan', 'sembunyikan', '', ''),
(2275, '16709', '3b58f125c880970b774c467f1c1c521e', 'Siswa', 'aktif', 0, '', '0000-00-00 00:00:00', '0000-00-00 00:00:00', 'Fanny Lie Jaya', '', 'sembunyikan', 'sembunyikan', '', ''),
(2276, '16723', '68e3029766c319b18533206bed2ef83f', 'Siswa', 'aktif', 0, '', '0000-00-00 00:00:00', '0000-00-00 00:00:00', 'Gabriele Leonna Benitta Mustamu', '', 'sembunyikan', 'sembunyikan', '', ''),
(2277, '16732', 'a19ea80272498982151686c2a8a81385', 'Siswa', 'aktif', 0, '', '0000-00-00 00:00:00', '0000-00-00 00:00:00', 'Giovani', '', 'sembunyikan', 'sembunyikan', '', ''),
(2278, '16740', '65b9046124d9251a093cb5df709a6e2e', 'Siswa', 'aktif', 0, '', '0000-00-00 00:00:00', '0000-00-00 00:00:00', 'Hani Mirakel', '', 'sembunyikan', 'sembunyikan', '', ''),
(2279, '16749', '37907ce5f65a8f731092bdf0a2b4bb35', 'Siswa', 'aktif', 0, '', '0000-00-00 00:00:00', '0000-00-00 00:00:00', 'Ingrid Meliana', '', 'sembunyikan', 'sembunyikan', '', ''),
(2280, '16762', 'b3bf6193684f3983bb8642c8add75a4a', 'Siswa', 'aktif', 0, '', '0000-00-00 00:00:00', '0000-00-00 00:00:00', 'Jessica Changda', '', 'sembunyikan', 'sembunyikan', '', ''),
(2281, '16770', '742d3c2a7ceaa6143597415ae49551d0', 'Siswa', 'aktif', 0, '', '0000-00-00 00:00:00', '0000-00-00 00:00:00', 'Johanna Lyvia Wohon', '', 'sembunyikan', 'sembunyikan', '', ''),
(2282, '16775', 'd7ce5233d2702b91fbbe0cf16b19f573', 'Siswa', 'aktif', 0, '', '0000-00-00 00:00:00', '0000-00-00 00:00:00', 'Joshua Martin Chandra', '', 'sembunyikan', 'sembunyikan', '', ''),
(2283, '16786', '4bc336b15417584fcec3e7dcc531d836', 'Siswa', 'aktif', 0, '', '0000-00-00 00:00:00', '0000-00-00 00:00:00', 'Kevin Audry Ian Putra', '', 'sembunyikan', 'sembunyikan', '', ''),
(2284, '16802', '03cdc6b841ba0131764711e5f1f4e47d', 'Siswa', 'aktif', 0, '', '0000-00-00 00:00:00', '0000-00-00 00:00:00', 'Leonardo Hendrawan', '', 'sembunyikan', 'sembunyikan', '', ''),
(2285, '16805', '9c99222b30e0425ea2f141f9e364d793', 'Siswa', 'aktif', 0, '', '0000-00-00 00:00:00', '0000-00-00 00:00:00', 'Lily Sugiarto', '', 'sembunyikan', 'sembunyikan', '', ''),
(2286, '16816', '2adee3823fe0b1c49ce2b4124cdcecda', 'Siswa', 'aktif', 0, '', '0000-00-00 00:00:00', '0000-00-00 00:00:00', 'Mario Suyanta Chandra', '', 'sembunyikan', 'sembunyikan', '', ''),
(2287, '16820', '9e18189975e5454f9335f3f1a17e0aa9', 'Siswa', 'aktif', 0, '', '0000-00-00 00:00:00', '0000-00-00 00:00:00', 'Melia Christie', '', 'sembunyikan', 'sembunyikan', '', ''),
(2288, '16834', 'db11330cfb0a32a0e9b8e8b6c4bdc711', 'Siswa', 'aktif', 0, '', '0000-00-00 00:00:00', '0000-00-00 00:00:00', 'Nancy Cassia Sukmana', '', 'sembunyikan', 'sembunyikan', '', ''),
(2289, '16864', '37d454532975b012c01edbd3bdffdae0', 'Siswa', 'aktif', 0, '', '0000-00-00 00:00:00', '0000-00-00 00:00:00', 'Sean Yonathan Tanjung', '', 'sembunyikan', 'sembunyikan', '', ''),
(2290, '16870', '6a58d9ef674a31d1d5205a2e5429f603', 'Siswa', 'aktif', 0, '', '0000-00-00 00:00:00', '0000-00-00 00:00:00', 'Stefani Dewi Anggraini', '', 'sembunyikan', 'sembunyikan', '', ''),
(2291, '16884', '96ddc5dc8fec52547e2b998e85bd2628', 'Siswa', 'aktif', 0, '', '0000-00-00 00:00:00', '0000-00-00 00:00:00', 'Theresia Jeanita', '', 'sembunyikan', 'sembunyikan', '', ''),
(2292, '16895', '21eb2cde1194b85163cbd079f5962edf', 'Siswa', 'aktif', 0, '', '0000-00-00 00:00:00', '0000-00-00 00:00:00', 'Vania Marlin', '', 'sembunyikan', 'sembunyikan', '', ''),
(2293, '16899', '987c0be797a10daacfccda01dcb95604', 'Siswa', 'aktif', 0, '', '0000-00-00 00:00:00', '0000-00-00 00:00:00', 'Verren Valencia Adrian', '', 'sembunyikan', 'sembunyikan', '', ''),
(2294, '16901', '0181dbcc3606f670bbe50f984967f358', 'Siswa', 'aktif', 0, '', '0000-00-00 00:00:00', '0000-00-00 00:00:00', 'Victorya Alyssa Dewi', '', 'sembunyikan', 'sembunyikan', '', ''),
(2295, '16910', '9f2101dd2222c9e8a3ec8d116da3b40a', 'Siswa', 'aktif', 0, '', '0000-00-00 00:00:00', '0000-00-00 00:00:00', 'Willhelmus Sandy Beoang', '', 'sembunyikan', 'sembunyikan', '', ''),
(2296, '16925', '750ed96f0d56d3346cda66d24bc0cbd5', 'Siswa', 'aktif', 0, '', '0000-00-00 00:00:00', '0000-00-00 00:00:00', 'Yustinus Dwi Prasetiyo', '', 'sembunyikan', 'sembunyikan', '', ''),
(2297, '16926', '521eae94653641ec7be496db736ce3f6', 'Siswa', 'aktif', 0, '', '0000-00-00 00:00:00', '0000-00-00 00:00:00', 'Yvonne Audrey Purnomo', '', 'sembunyikan', 'sembunyikan', '', ''),
(2298, '16614', '7f9f3bdfd5974f2c11e9d6cd27c5f9f7', 'Siswa', 'aktif', 0, '', '0000-00-00 00:00:00', '0000-00-00 00:00:00', 'Aemelia Agatha', '', 'sembunyikan', 'sembunyikan', '', ''),
(2299, '16617', 'fade9da1bfe1c47c92f4ac38c11d0d1b', 'Siswa', 'aktif', 0, '', '0000-00-00 00:00:00', '0000-00-00 00:00:00', 'Aldo Kesuma Karman', '', 'sembunyikan', 'sembunyikan', '', ''),
(2300, '16621', '1a5ee1ff6e413deb105e03f4bc5be351', 'Siswa', 'aktif', 0, '', '0000-00-00 00:00:00', '0000-00-00 00:00:00', 'Alvina Sukadi', '', 'sembunyikan', 'sembunyikan', '', ''),
(2301, '16626', '6ac8a357a461cc06579759bbdf12a39b', 'Siswa', 'aktif', 0, '', '0000-00-00 00:00:00', '0000-00-00 00:00:00', 'Andre Jayadi Sanjaya', '', 'sembunyikan', 'sembunyikan', '', ''),
(2302, '16637', '1309167cce18f6973a67a702d7b799fe', 'Siswa', 'aktif', 0, '', '0000-00-00 00:00:00', '0000-00-00 00:00:00', 'Anthony Evan Augusta', '', 'sembunyikan', 'sembunyikan', '', ''),
(2303, '16651', 'a6585f71fb9fd3d7782eace9cce70e07', 'Siswa', 'aktif', 0, '', '0000-00-00 00:00:00', '0000-00-00 00:00:00', 'Brigita Stella Claudia', '', 'sembunyikan', 'sembunyikan', '', ''),
(2304, '16656', 'dc7b367cfb9b38b3558bd127ad5c6696', 'Siswa', 'aktif', 0, '', '0000-00-00 00:00:00', '0000-00-00 00:00:00', 'Celyne', '', 'sembunyikan', 'sembunyikan', '', ''),
(2305, '16659', '8339611181c6b2622eec0551fbd4d298', 'Siswa', 'aktif', 0, '', '0000-00-00 00:00:00', '0000-00-00 00:00:00', 'Christandy Adriel', '', 'sembunyikan', 'sembunyikan', '', ''),
(2306, '16675', '1098f40d613dcadb0486a71293cb6e31', 'Siswa', 'aktif', 0, '', '0000-00-00 00:00:00', '0000-00-00 00:00:00', 'Clarence Finley Limantara', '', 'sembunyikan', 'sembunyikan', '', ''),
(2307, '16678', '15adc2044e61b45cd27d78ed5869434e', 'Siswa', 'aktif', 0, '', '0000-00-00 00:00:00', '0000-00-00 00:00:00', 'Damon Otto Gunarsa', '', 'sembunyikan', 'sembunyikan', '', ''),
(2308, '16700', '29282505fa1675d9c26d7ad4868b8727', 'Siswa', 'aktif', 0, '', '0000-00-00 00:00:00', '0000-00-00 00:00:00', 'Eric San Fokalie', '', 'sembunyikan', 'sembunyikan', '', ''),
(2309, '16718', 'ead97089aae476d362a942d978947c32', 'Siswa', 'aktif', 0, '', '0000-00-00 00:00:00', '0000-00-00 00:00:00', 'Feronia Nerissa', '', 'sembunyikan', 'sembunyikan', '', ''),
(2310, '16726', 'e863fb23a124570677ebdd1933876020', 'Siswa', 'aktif', 0, '', '0000-00-00 00:00:00', '0000-00-00 00:00:00', 'Gabrielle Vincentia', '', 'sembunyikan', 'sembunyikan', '', ''),
(2311, '16729', '6e25278211d4f0aae930c0b1813cb3c6', 'Siswa', 'aktif', 0, '', '0000-00-00 00:00:00', '0000-00-00 00:00:00', 'Geovany Ivan Ananda Purnama', '', 'sembunyikan', 'sembunyikan', '', ''),
(2312, '16734', '4664965ba7a274dfbd20c33b5d05f253', 'Siswa', 'aktif', 0, '', '0000-00-00 00:00:00', '0000-00-00 00:00:00', 'Gracella Widjaya Pranata', '', 'sembunyikan', 'sembunyikan', '', ''),
(2313, '16747', 'f440bd64078a15691c260eedf190347a', 'Siswa', 'aktif', 0, '', '0000-00-00 00:00:00', '0000-00-00 00:00:00', 'Indahwati', '', 'sembunyikan', 'sembunyikan', '', ''),
(2314, '16759', 'a53d6030bd33042eb57382fe05023cd9', 'Siswa', 'aktif', 0, '', '0000-00-00 00:00:00', '0000-00-00 00:00:00', 'Jeanifer Kartika', '', 'sembunyikan', 'sembunyikan', '', ''),
(2315, '16765', 'c61f09172291b2268d13e1b8b8301e43', 'Siswa', 'aktif', 0, '', '0000-00-00 00:00:00', '0000-00-00 00:00:00', 'Jessica Velania Tanujaya', '', 'sembunyikan', 'sembunyikan', '', ''),
(2316, '16789', '34f9679482b481012016f1f5c8b977f0', 'Siswa', 'aktif', 0, '', '0000-00-00 00:00:00', '0000-00-00 00:00:00', 'Kevin Ryan ', '', 'sembunyikan', 'sembunyikan', '', ''),
(2317, '16799', '9a2241c2015fb98771d97a9828db1d73', 'Siswa', 'aktif', 0, '', '0000-00-00 00:00:00', '0000-00-00 00:00:00', 'Laikito Wijaya', '', 'sembunyikan', 'sembunyikan', '', ''),
(2318, '16808', '2d2959e82e89b669b329c2926d32839f', 'Siswa', 'aktif', 0, '', '0000-00-00 00:00:00', '0000-00-00 00:00:00', 'Lydia', '', 'sembunyikan', 'sembunyikan', '', ''),
(2319, '16813', '4542d2e436ceac357ad7d9073a2c1665', 'Siswa', 'aktif', 0, '', '0000-00-00 00:00:00', '0000-00-00 00:00:00', 'Maria Eva Sazmita', '', 'sembunyikan', 'sembunyikan', '', ''),
(2320, '16819', 'c0b3cb0842f9f8148f618c587b48d5ba', 'Siswa', 'aktif', 0, '', '0000-00-00 00:00:00', '0000-00-00 00:00:00', 'Meilindah Gunawan', '', 'sembunyikan', 'sembunyikan', '', ''),
(2321, '16845', '0da0df5d34d8b9e9d12500dc7d343b5f', 'Siswa', 'aktif', 0, '', '0000-00-00 00:00:00', '0000-00-00 00:00:00', 'Olivia Christine Natalie', '', 'sembunyikan', 'sembunyikan', '', ''),
(2322, '16854', 'c05da36fcd17a89df6a5a64da2f933b4', 'Siswa', 'aktif', 0, '', '0000-00-00 00:00:00', '0000-00-00 00:00:00', 'Reynaldo', '', 'sembunyikan', 'sembunyikan', '', ''),
(2323, '16858', 'fa12ab68091d74718e2b3fabfcb8e2b1', 'Siswa', 'aktif', 0, '', '0000-00-00 00:00:00', '0000-00-00 00:00:00', 'Richard Delfs Lainama', '', 'sembunyikan', 'sembunyikan', '', ''),
(2324, '16859', '9300f7b7b99d92c0acf83ea618010e16', 'Siswa', 'aktif', 0, '', '0000-00-00 00:00:00', '0000-00-00 00:00:00', 'Robert Djohari', '', 'sembunyikan', 'sembunyikan', '', ''),
(2325, '16873', '528eb47b936c737fcfdec8b5f6aa3dd0', 'Siswa', 'aktif', 0, '', '0000-00-00 00:00:00', '0000-00-00 00:00:00', 'Stefanny Amelia', '', 'sembunyikan', 'sembunyikan', '', ''),
(2326, '16886', '9dd28afc29684433c16b3855ae3cb9b6', 'Siswa', 'aktif', 0, '', '0000-00-00 00:00:00', '0000-00-00 00:00:00', 'Thesia Aprillia', '', 'sembunyikan', 'sembunyikan', '', ''),
(2327, '16890', '247c0a953f3a082b83443b3dfccedffb', 'Siswa', 'aktif', 0, '', '0000-00-00 00:00:00', '0000-00-00 00:00:00', 'Trifena Liaw', '', 'sembunyikan', 'sembunyikan', '', ''),
(2328, '16893', '29da4aac5068b8bb36121391799925fa', 'Siswa', 'aktif', 0, '', '0000-00-00 00:00:00', '0000-00-00 00:00:00', 'Vania Cindy', '', 'sembunyikan', 'sembunyikan', '', ''),
(2329, '16930', '62d7cfaa9f6b9ccf1bb85607bb6e7a13', 'Siswa', 'aktif', 0, '', '0000-00-00 00:00:00', '0000-00-00 00:00:00', 'Arya Sanjaya Dharmaputra', '', 'sembunyikan', 'sembunyikan', '', ''),
(2330, '16618', '2a3500f75bcde2b99b4999f34133a1d2', 'Siswa', 'aktif', 0, '', '0000-00-00 00:00:00', '0000-00-00 00:00:00', 'Ali', '', 'sembunyikan', 'sembunyikan', '', ''),
(2331, '16631', '8e225b8af6194ce00a5867fc85840757', 'Siswa', 'aktif', 0, '', '0000-00-00 00:00:00', '0000-00-00 00:00:00', 'Andy Satria Gunawan', '', 'sembunyikan', 'sembunyikan', '', ''),
(2332, '16654', 'f277a0bf09ceeb7f90508c05044d3714', 'Siswa', 'aktif', 0, '', '0000-00-00 00:00:00', '0000-00-00 00:00:00', 'Calvin', '', 'sembunyikan', 'sembunyikan', '', ''),
(2333, '16660', 'd1034754ea4408f8b65822b590dfae7e', 'Siswa', 'aktif', 0, '', '0000-00-00 00:00:00', '0000-00-00 00:00:00', 'Christella Gabriel Purwanto', '', 'sembunyikan', 'sembunyikan', '', ''),
(2334, '16666', '9c70dd4481954baba1aedcb963e91211', 'Siswa', 'aktif', 0, '', '0000-00-00 00:00:00', '0000-00-00 00:00:00', 'Christon Kurniawan', '', 'sembunyikan', 'sembunyikan', '', ''),
(2335, '16667', '67ded051d660fb05d7ad125986ddbf2d', 'Siswa', 'aktif', 0, '', '0000-00-00 00:00:00', '0000-00-00 00:00:00', 'Cicely Alvina Liyanto', '', 'sembunyikan', 'sembunyikan', '', ''),
(2336, '16679', '05ed40159ccfbe2f7830d1c8701c5a54', 'Siswa', 'aktif', 0, '', '0000-00-00 00:00:00', '0000-00-00 00:00:00', 'Daniel Andy Stefanus', '', 'sembunyikan', 'sembunyikan', '', ''),
(2337, '16695', '07be74f1a1b5e0a89a5f78ce1725a7eb', 'Siswa', 'aktif', 0, '', '0000-00-00 00:00:00', '0000-00-00 00:00:00', 'Elly Aniwati', '', 'sembunyikan', 'sembunyikan', '', ''),
(2338, '16710', '5f7020a8356d965f6c2fb42887d3df0f', 'Siswa', 'aktif', 0, '', '0000-00-00 00:00:00', '0000-00-00 00:00:00', 'Farenza', '', 'sembunyikan', 'sembunyikan', '', ''),
(2339, '16714', 'a69d15dcf6d76d9d056662a38a11392d', 'Siswa', 'aktif', 0, '', '0000-00-00 00:00:00', '0000-00-00 00:00:00', 'Felicia Francisca Sabara', '', 'sembunyikan', 'sembunyikan', '', ''),
(2340, '16735', '4a3b13045573c232c0d6cc56e10f8f45', 'Siswa', 'aktif', 0, '', '0000-00-00 00:00:00', '0000-00-00 00:00:00', 'Graciela Adelia Go', '', 'sembunyikan', 'sembunyikan', '', ''),
(2341, '16742', '3c26e81100f278a7b622b2b1f30d8bae', 'Siswa', 'aktif', 0, '', '0000-00-00 00:00:00', '0000-00-00 00:00:00', 'Hendri Sutanto', '', 'sembunyikan', 'sembunyikan', '', ''),
(2342, '16746', '93f8e322bb6adffeeb33a85d95c52316', 'Siswa', 'aktif', 0, '', '0000-00-00 00:00:00', '0000-00-00 00:00:00', 'Imelda Sutanto', '', 'sembunyikan', 'sembunyikan', '', ''),
(2343, '16748', '484e01517b1395d6f8cce27fcc459cbf', 'Siswa', 'aktif', 0, '', '0000-00-00 00:00:00', '0000-00-00 00:00:00', 'Ine Maria Almasihana Ipi', '', 'sembunyikan', 'sembunyikan', '', ''),
(2344, '16761', 'dec91085de9ca1d81110ab53c6ba700b', 'Siswa', 'aktif', 0, '', '0000-00-00 00:00:00', '0000-00-00 00:00:00', 'Jessica Alviany Angkasa P.', '', 'sembunyikan', 'sembunyikan', '', ''),
(2345, '16771', '482a276004b304c760a6987e5704db04', 'Siswa', 'aktif', 0, '', '0000-00-00 00:00:00', '0000-00-00 00:00:00', 'Jonathan Julius Kurniawan', '', 'sembunyikan', 'sembunyikan', '', ''),
(2346, '16776', '789bbd3eb51e7315cf9995306bb399f5', 'Siswa', 'aktif', 0, '', '0000-00-00 00:00:00', '0000-00-00 00:00:00', 'Juan Ginola', '', 'sembunyikan', 'sembunyikan', '', ''),
(2347, '16792', 'f796ccd346e70859193bb1a60812d685', 'Siswa', 'aktif', 0, '', '0000-00-00 00:00:00', '0000-00-00 00:00:00', 'Kevin Susanto', '', 'sembunyikan', 'sembunyikan', '', ''),
(2348, '16803', '6eda0403281df4b9a24d37790828effb', 'Siswa', 'aktif', 0, '', '0000-00-00 00:00:00', '0000-00-00 00:00:00', 'Leony Gunawan', '', 'sembunyikan', 'sembunyikan', '', ''),
(2349, '16812', '1560fe0e80c19847a91c22e69d5036f1', 'Siswa', 'aktif', 0, '', '0000-00-00 00:00:00', '0000-00-00 00:00:00', 'Maria Clarita Hariono', '', 'sembunyikan', 'sembunyikan', '', ''),
(2350, '16817', '5eea6fd7b02448c35fd405cfe823d128', 'Siswa', 'aktif', 0, '', '0000-00-00 00:00:00', '0000-00-00 00:00:00', 'Martinus Maximillian Sunur', '', 'sembunyikan', 'sembunyikan', '', ''),
(2351, '16821', '1d5988d346d89a4e49e0b43c0f0d28d0', 'Siswa', 'aktif', 0, '', '0000-00-00 00:00:00', '0000-00-00 00:00:00', 'Meliana Hartanto', '', 'sembunyikan', 'sembunyikan', '', ''),
(2352, '16823', 'afd53be629a8800e6447030f2e0961f7', 'Siswa', 'aktif', 0, '', '0000-00-00 00:00:00', '0000-00-00 00:00:00', 'Melissa Wong', '', 'sembunyikan', 'sembunyikan', '', ''),
(2353, '16829', 'd958bc7285c14d6f775973d6d723d17b', 'Siswa', 'aktif', 0, '', '0000-00-00 00:00:00', '0000-00-00 00:00:00', 'Monica Emily Wiyanto', '', 'sembunyikan', 'sembunyikan', '', ''),
(2354, '16836', 'cff815dabb3555cf1df47388baa32b84', 'Siswa', 'aktif', 0, '', '0000-00-00 00:00:00', '0000-00-00 00:00:00', 'Nastasia Nolia Seva', '', 'sembunyikan', 'sembunyikan', '', ''),
(2355, '16866', '180a2a0cd826ab55eefc878446dbf891', 'Siswa', 'aktif', 0, '', '0000-00-00 00:00:00', '0000-00-00 00:00:00', 'Shefry Frajonsky Simatauw', '', 'sembunyikan', 'sembunyikan', '', ''),
(2356, '16872', 'b5bca31df27b12cf9866fed9492a93ba', 'Siswa', 'aktif', 0, '', '0000-00-00 00:00:00', '0000-00-00 00:00:00', 'Stefanie Grace Metekohy', '', 'sembunyikan', 'sembunyikan', '', ''),
(2357, '16882', 'c180ea799253b0c26e08ab015ef89510', 'Siswa', 'aktif', 0, '', '0000-00-00 00:00:00', '0000-00-00 00:00:00', 'Supriyanto Freddy', '', 'sembunyikan', 'sembunyikan', '', ''),
(2358, '16883', 'e8db6ebd8c4a86f982cd94bb49534ef3', 'Siswa', 'aktif', 0, '', '0000-00-00 00:00:00', '0000-00-00 00:00:00', 'Theresia Dharma', '', 'sembunyikan', 'sembunyikan', '', ''),
(2359, '16889', 'c31b43829c7b4afe91ff4c0797247a76', 'Siswa', 'aktif', 0, '', '0000-00-00 00:00:00', '0000-00-00 00:00:00', 'Tiffany Samantha Dermawan', '', 'sembunyikan', 'sembunyikan', '', ''),
(2360, '16920', 'd40176e2795b1a99dc59620ac92a54c3', 'Siswa', 'aktif', 0, '', '0000-00-00 00:00:00', '0000-00-00 00:00:00', 'Yoan Christian Sigit', '', 'sembunyikan', 'sembunyikan', '', ''),
(2361, '16616', '129faba692a0380b8c8fdc5fc01be8c1', 'Siswa', 'aktif', 0, '', '0000-00-00 00:00:00', '0000-00-00 00:00:00', 'Albert Carswell Gianto', '', 'sembunyikan', 'sembunyikan', '', ''),
(2362, '16627', '0a9f1e65f58217963050ce14588e84f8', 'Siswa', 'aktif', 0, '', '0000-00-00 00:00:00', '0000-00-00 00:00:00', 'Andrean Arcellino', '', 'sembunyikan', 'sembunyikan', '', ''),
(2363, '16642', 'f563f708bcb697a865cb29220f8158d1', 'Siswa', 'aktif', 0, '', '0000-00-00 00:00:00', '0000-00-00 00:00:00', 'Aurelia Bevelin', '', 'sembunyikan', 'sembunyikan', '', ''),
(2364, '16648', '8b43e1b8dd88fb9f6c99eb66f448a04c', 'Siswa', 'aktif', 0, '', '0000-00-00 00:00:00', '0000-00-00 00:00:00', 'Berliana Nurannisa Kusuma Liu', '', 'sembunyikan', 'sembunyikan', '', ''),
(2365, '16650', 'cb1bc074b72dca1191308e9adc6792cd', 'Siswa', 'aktif', 0, '', '0000-00-00 00:00:00', '0000-00-00 00:00:00', 'Brandone Koresy Thenny', '', 'sembunyikan', 'sembunyikan', '', ''),
(2366, '16669', 'a6dd1cdf6f9693dcf11c4450fab0e3f2', 'Siswa', 'aktif', 0, '', '0000-00-00 00:00:00', '0000-00-00 00:00:00', 'Cindy Indriyo ', '', 'sembunyikan', 'sembunyikan', '', ''),
(2367, '16677', '4adad48d42922db4295e8b7327fbbbf1', 'Siswa', 'aktif', 0, '', '0000-00-00 00:00:00', '0000-00-00 00:00:00', 'Cylvani Meiliana Hoarisan', '', 'sembunyikan', 'sembunyikan', '', ''),
(2368, '16689', 'b8e60c2aec9d6135c765749b2e3bb99e', 'Siswa', 'aktif', 0, '', '0000-00-00 00:00:00', '0000-00-00 00:00:00', 'Dionisius Revan', '', 'sembunyikan', 'sembunyikan', '', ''),
(2369, '16691', '413d1c02fadc3d07904bbc992b2e9195', 'Siswa', 'aktif', 0, '', '0000-00-00 00:00:00', '0000-00-00 00:00:00', 'Edelweis Atmajaya', '', 'sembunyikan', 'sembunyikan', '', ''),
(2370, '16699', '197e211074370064b2aff27ac8fd441d', 'Siswa', 'aktif', 0, '', '0000-00-00 00:00:00', '0000-00-00 00:00:00', 'Emilia Stephani', '', 'sembunyikan', 'sembunyikan', '', ''),
(2371, '16701', 'cea64a883d35e5409c4bc81bdaedd55e', 'Siswa', 'aktif', 0, '', '0000-00-00 00:00:00', '0000-00-00 00:00:00', 'Eric Vincent', '', 'sembunyikan', 'sembunyikan', '', ''),
(2372, '16708', 'bf34e4c28fa03210f476777d37953134', 'Siswa', 'aktif', 0, '', '0000-00-00 00:00:00', '0000-00-00 00:00:00', 'Fanny Chinthia Purnomo', '', 'sembunyikan', 'sembunyikan', '', ''),
(2373, '16728', '0501b4e3f17a759d1ac23462859567a7', 'Siswa', 'aktif', 0, '', '0000-00-00 00:00:00', '0000-00-00 00:00:00', 'Geovanny Patricia Harianto', '', 'sembunyikan', 'sembunyikan', '', ''),
(2374, '16741', '50b302ba631ec0a326431ea788874774', 'Siswa', 'aktif', 0, '', '0000-00-00 00:00:00', '0000-00-00 00:00:00', 'Helena Tiffani Marie Jiewandana', '', 'sembunyikan', 'sembunyikan', '', ''),
(2375, '16752', '66a168785ed58b2b5955cea85954d669', 'Siswa', 'aktif', 0, '', '0000-00-00 00:00:00', '0000-00-00 00:00:00', 'Irving Williem Herly', '', 'sembunyikan', 'sembunyikan', '', ''),
(2376, '16754', '8a7c03958cbbbb5d374f4be72690ca7e', 'Siswa', 'aktif', 0, '', '0000-00-00 00:00:00', '0000-00-00 00:00:00', 'Ivana Meliana', '', 'sembunyikan', 'sembunyikan', '', ''),
(2377, '16767', 'ad20360c1ad60f8f5d9223a28907d7ba', 'Siswa', 'aktif', 0, '', '0000-00-00 00:00:00', '0000-00-00 00:00:00', 'Jessica Yosiana Angelia', '', 'sembunyikan', 'sembunyikan', '', ''),
(2378, '16783', '7fbf2d8e7b84e90fd9e2698db2d22362', 'Siswa', 'aktif', 0, '', '0000-00-00 00:00:00', '0000-00-00 00:00:00', 'Kelvin Putra Soebagio', '', 'sembunyikan', 'sembunyikan', '', ''),
(2379, '16785', '5f1db7a13730fea2764ea1c0a3de2939', 'Siswa', 'aktif', 0, '', '0000-00-00 00:00:00', '0000-00-00 00:00:00', 'Kevin', '', 'sembunyikan', 'sembunyikan', '', ''),
(2380, '16800', '0eeb5caaa2b554a8f2d508db44adb6dc', 'Siswa', 'aktif', 0, '', '0000-00-00 00:00:00', '0000-00-00 00:00:00', 'Laurensia Bella', '', 'sembunyikan', 'sembunyikan', '', ''),
(2381, '16810', '49f2772fac96f92458c85ad52a644b1e', 'Siswa', 'aktif', 0, '', '0000-00-00 00:00:00', '0000-00-00 00:00:00', 'Marco Napolion', '', 'sembunyikan', 'sembunyikan', '', ''),
(2382, '16814', 'cefa4e5ffdb1f7c3a39e51f105a83109', 'Siswa', 'aktif', 0, '', '0000-00-00 00:00:00', '0000-00-00 00:00:00', 'Mariana Lieny Rusly', '', 'sembunyikan', 'sembunyikan', '', ''),
(2383, '16818', 'fec82acb7f6b4e8672bda38f9a7ddad3', 'Siswa', 'aktif', 0, '', '0000-00-00 00:00:00', '0000-00-00 00:00:00', 'Mega Laurencia Oktaviani Yanuar', '', 'sembunyikan', 'sembunyikan', '', ''),
(2384, '16831', 'a0a052b2340749617466e56d7b8e74ef', 'Siswa', 'aktif', 0, '', '0000-00-00 00:00:00', '0000-00-00 00:00:00', 'Monica Levina', '', 'sembunyikan', 'sembunyikan', '', ''),
(2385, '16839', '7068f5c7fb43d165180107a27beb6020', 'Siswa', 'aktif', 0, '', '0000-00-00 00:00:00', '0000-00-00 00:00:00', 'Natasia Lie', '', 'sembunyikan', 'sembunyikan', '', ''),
(2386, '16857', 'de86bf257b1445bb65bb6c3c70b7ab24', 'Siswa', 'aktif', 0, '', '0000-00-00 00:00:00', '0000-00-00 00:00:00', 'Richard', '', 'sembunyikan', 'sembunyikan', '', ''),
(2387, '16860', 'c47e6fcb58178824f37f28daba24a9a3', 'Siswa', 'aktif', 0, '', '0000-00-00 00:00:00', '0000-00-00 00:00:00', 'Rudolf Immanuel Notohardjo', '', 'sembunyikan', 'sembunyikan', '', ''),
(2388, '16865', '414187419105b06734cd36adead79115', 'Siswa', 'aktif', 0, '', '0000-00-00 00:00:00', '0000-00-00 00:00:00', 'Shanice Shania', '', 'sembunyikan', 'sembunyikan', '', ''),
(2389, '16885', '09107278fa56f05fb32b090efcdc8401', 'Siswa', 'aktif', 0, '', '0000-00-00 00:00:00', '0000-00-00 00:00:00', 'Theresia Lahosa Adelin', '', 'sembunyikan', 'sembunyikan', '', ''),
(2390, '16888', 'a59c0ab76aec5a243f0c50fa6a5f36a7', 'Siswa', 'aktif', 0, '', '0000-00-00 00:00:00', '0000-00-00 00:00:00', 'Tiffany Immanuelia Nugraha', '', 'sembunyikan', 'sembunyikan', '', ''),
(2391, '16911', 'fb5c77496f3d3e72161c712f87005a6a', 'Siswa', 'aktif', 0, '', '0000-00-00 00:00:00', '0000-00-00 00:00:00', 'William Eka Putra', '', 'sembunyikan', 'sembunyikan', '', ''),
(2392, '16914', 'a3c5e98cbfa4ee6526dd52b58feff672', 'Siswa', 'aktif', 0, '', '0000-00-00 00:00:00', '0000-00-00 00:00:00', 'Wimar Jeconiah', '', 'sembunyikan', 'sembunyikan', '', ''),
(2393, '16643', '1ceb3ad80c6675f705c7fef98012e9e1', 'Siswa', 'aktif', 0, '', '0000-00-00 00:00:00', '0000-00-00 00:00:00', 'Aurelia Lidwina Tanadi', '', 'sembunyikan', 'sembunyikan', '', ''),
(2394, '16692', 'ef05e93f3eb69985c3dcc58b11aac369', 'Siswa', 'aktif', 0, '', '0000-00-00 00:00:00', '0000-00-00 00:00:00', 'Edison Lawby', '', 'sembunyikan', 'sembunyikan', '', ''),
(2395, '16702', '4981ae91bd5293b2c04ece22f1f685df', 'Siswa', 'aktif', 0, '', '0000-00-00 00:00:00', '0000-00-00 00:00:00', 'Ervin Febriani', '', 'sembunyikan', 'sembunyikan', '', ''),
(2396, '16720', '91827a3c081a31153f16b3e86e3263fd', 'Siswa', 'aktif', 0, '', '0000-00-00 00:00:00', '0000-00-00 00:00:00', 'Flouren Hartawan', '', 'sembunyikan', 'sembunyikan', '', ''),
(2397, '16733', '851612d3c194dc64724360831ff04bf8', 'Siswa', 'aktif', 0, '', '0000-00-00 00:00:00', '0000-00-00 00:00:00', 'Giovanni Chang', '', 'sembunyikan', 'sembunyikan', '', ''),
(2398, '16738', 'b789f8b46e397e93b70a79f59d7424cb', 'Siswa', 'aktif', 0, '', '0000-00-00 00:00:00', '0000-00-00 00:00:00', 'Hadi Siswanto', '', 'sembunyikan', 'sembunyikan', '', ''),
(2399, '16756', 'a5460fe6c23289fddcfe66efe033ae08', 'Siswa', 'aktif', 0, '', '0000-00-00 00:00:00', '0000-00-00 00:00:00', 'James Michael', '', 'sembunyikan', 'sembunyikan', '', ''),
(2400, '16795', 'be4fb9f874bd9128410e7a0c88360139', 'Siswa', 'aktif', 0, '', '0000-00-00 00:00:00', '0000-00-00 00:00:00', 'Kiki Melisa', '', 'sembunyikan', 'sembunyikan', '', ''),
(2401, '16801', '43901482383126ddc74f082188471c7e', 'Siswa', 'aktif', 0, '', '0000-00-00 00:00:00', '0000-00-00 00:00:00', 'Lauwrencia Bernades Rosalve', '', 'sembunyikan', 'sembunyikan', '', ''),
(2402, '16827', '1be8d57459a63a3275d039fa93ca5a1e', 'Siswa', 'aktif', 0, '', '0000-00-00 00:00:00', '0000-00-00 00:00:00', 'Modista Garsia', '', 'sembunyikan', 'sembunyikan', '', ''),
(2403, '16837', '052efaa17161f1e1044249e7efc5b17f', 'Siswa', 'aktif', 0, '', '0000-00-00 00:00:00', '0000-00-00 00:00:00', 'Natasha Sabella', '', 'sembunyikan', 'sembunyikan', '', ''),
(2404, '16869', 'b1491b673670aeae2dbf8827ba87a758', 'Siswa', 'aktif', 0, '', '0000-00-00 00:00:00', '0000-00-00 00:00:00', 'Sintia Bela', '', 'sembunyikan', 'sembunyikan', '', ''),
(2405, '16871', '386a1940efd5c4d0c584523e580653b4', 'Siswa', 'aktif', 0, '', '0000-00-00 00:00:00', '0000-00-00 00:00:00', 'Stefani Patricia', '', 'sembunyikan', 'sembunyikan', '', ''),
(2406, '16877', 'a90f92d5609224ee7112c1f5d99f7e5f', 'Siswa', 'aktif', 0, '', '0000-00-00 00:00:00', '0000-00-00 00:00:00', 'Stella Matutina Septania', '', 'sembunyikan', 'sembunyikan', '', ''),
(2407, '16887', 'c87a29375d7d9eb63b5316cd73aa3229', 'Siswa', 'aktif', 0, '', '0000-00-00 00:00:00', '0000-00-00 00:00:00', 'Tiffanny Angeline', '', 'sembunyikan', 'sembunyikan', '', ''),
(2408, 'kelas10b', 'd20ba9129172bdcf78ff7adfb5d39747', 'Siswa', 'aktif', 0, '2015-10-19 13:12:31', '0000-00-00 00:00:00', '0000-00-00 00:00:00', 'kelas10b', '', 'sembunyikan', 'sembunyikan', '', '');

-- --------------------------------------------------------

--
-- Table structure for table `usercounter`
--

DROP TABLE IF EXISTS `usercounter`;
CREATE TABLE IF NOT EXISTS `usercounter` (
  `id` tinyint(11) NOT NULL AUTO_INCREMENT,
  `ip` text NOT NULL,
  `counter` int(11) NOT NULL DEFAULT '0',
  `hits` int(11) NOT NULL DEFAULT '0',
  PRIMARY KEY (`id`)
) ENGINE=MyISAM  DEFAULT CHARSET=latin1 AUTO_INCREMENT=2 ;

--
-- Dumping data for table `usercounter`
--

INSERT INTO `usercounter` (`id`, `ip`, `counter`, `hits`) VALUES
(1, '::1-157.56.92.173-208.115.111.66-180.76.6.233-66.249.64.6-36.73.229.186-', 0, 746);

-- --------------------------------------------------------

--
-- Table structure for table `useronline`
--

DROP TABLE IF EXISTS `useronline`;
CREATE TABLE IF NOT EXISTS `useronline` (
  `id` int(11) NOT NULL AUTO_INCREMENT,
  `ipproxy` varchar(100) DEFAULT NULL,
  `host` varchar(100) DEFAULT NULL,
  `ipanda` varchar(100) DEFAULT NULL,
  `proxyserver` varchar(100) DEFAULT NULL,
  `timevisit` int(11) NOT NULL DEFAULT '0',
  PRIMARY KEY (`id`),
  KEY `ipanda` (`ipanda`),
  KEY `timevisit` (`timevisit`),
  KEY `ipproxy` (`ipproxy`)
) ENGINE=MyISAM  DEFAULT CHARSET=latin1 AUTO_INCREMENT=96 ;

--
-- Dumping data for table `useronline`
--

INSERT INTO `useronline` (`id`, `ipproxy`, `host`, `ipanda`, `proxyserver`, `timevisit`) VALUES
(95, '127.0.0.1', 'localhost', '127.0.0.1', '', 1321091831);

-- --------------------------------------------------------

--
-- Table structure for table `useronlineday`
--

DROP TABLE IF EXISTS `useronlineday`;
CREATE TABLE IF NOT EXISTS `useronlineday` (
  `id` int(11) NOT NULL AUTO_INCREMENT,
  `ipproxy` varchar(100) DEFAULT NULL,
  `host` varchar(100) DEFAULT NULL,
  `ipanda` varchar(100) DEFAULT NULL,
  `proxyserver` varchar(100) DEFAULT NULL,
  `timevisit` int(11) NOT NULL DEFAULT '0',
  PRIMARY KEY (`id`),
  KEY `ipanda` (`ipanda`),
  KEY `timevisit` (`timevisit`),
  KEY `ipproxy` (`ipproxy`)
) ENGINE=MyISAM  DEFAULT CHARSET=latin1 AUTO_INCREMENT=5597 ;

--
-- Dumping data for table `useronlineday`
--

INSERT INTO `useronlineday` (`id`, `ipproxy`, `host`, `ipanda`, `proxyserver`, `timevisit`) VALUES
(5596, '::1', 'nafisah-PC', '::1', '', 1406996355);

-- --------------------------------------------------------

--
-- Table structure for table `useronlinemonth`
--

DROP TABLE IF EXISTS `useronlinemonth`;
CREATE TABLE IF NOT EXISTS `useronlinemonth` (
  `id` int(11) NOT NULL AUTO_INCREMENT,
  `ipproxy` varchar(100) DEFAULT NULL,
  `host` varchar(100) DEFAULT NULL,
  `ipanda` varchar(100) DEFAULT NULL,
  `proxyserver` varchar(100) DEFAULT NULL,
  `timevisit` int(11) NOT NULL DEFAULT '0',
  PRIMARY KEY (`id`),
  KEY `ipanda` (`ipanda`),
  KEY `timevisit` (`timevisit`),
  KEY `ipproxy` (`ipproxy`)
) ENGINE=MyISAM  DEFAULT CHARSET=latin1 AUTO_INCREMENT=3871 ;

--
-- Dumping data for table `useronlinemonth`
--

INSERT INTO `useronlinemonth` (`id`, `ipproxy`, `host`, `ipanda`, `proxyserver`, `timevisit`) VALUES
(3870, '::1', 'nafisah-PC', '::1', '', 1406996355);

/*!40101 SET CHARACTER_SET_CLIENT=@OLD_CHARACTER_SET_CLIENT */;
/*!40101 SET CHARACTER_SET_RESULTS=@OLD_CHARACTER_SET_RESULTS */;
/*!40101 SET COLLATION_CONNECTION=@OLD_COLLATION_CONNECTION */;
